INSERT INTO public.users (id, user_name, surname, gender, e_mail, phone, user_login, user_password, created, changed, is_deleted) VALUES (3, 'Anton', 'Sher', 'MALE', 'kitshanton94@gmail.com', '375334568765', 'antoshka', 'hfjk46j', '2023-02-27 20:42:43.000000', '2023-02-27 20:42:46.000000', false);
INSERT INTO public.users (id, user_name, surname, gender, e_mail, phone, user_login, user_password, created, changed, is_deleted) VALUES (1, 'Kate', 'Komleva', 'FEMALE', 'komlevakate99@gmail.com', '375295905041', 'katekoml', 'kate666', '2023-02-27 20:37:05.000000', '2023-02-27 20:37:10.000000', false);
INSERT INTO public.users (id, user_name, surname, gender, e_mail, phone, user_login, user_password, created, changed, is_deleted) VALUES (2, 'Lisa', 'Benich', 'FEMALE', 'elizavetaben@gmail.tom', '375298881518', '666girl', 'paukan76', '2023-02-27 20:40:18.000000', '2023-02-27 20:40:21.000000', false);
INSERT INTO public.users (id, user_name, surname, gender, e_mail, phone, user_login, user_password, created, changed, is_deleted) VALUES (5, 'Gloria', 'Fuxy', 'FEMALE', 'worldglory@gmail.com', '375295782332', 'gloryGirl', 'dskwlf84', '2023-03-02 21:39:34.303215', '2023-03-02 21:39:34.305067', false);
INSERT INTO public.users (id, user_name, surname, gender, e_mail, phone, user_login, user_password, created, changed, is_deleted) VALUES (4, 'Max', 'Karpov', 'MALE', 'max999killer@gmail.com', '375444798503', 'maxkiller', '8juhkli7', '2023-03-02 16:20:11.514357', '2023-03-02 23:12:01.575709', true);
INSERT INTO public.users (id, user_name, surname, gender, e_mail, phone, user_login, user_password, created, changed, is_deleted) VALUES (10, 'Mihael', 'Smith', 'MALE', 'johnDoue@gmail.com', '375448880808', 'MikeSmith', '69gkhku8b', '2023-03-07 23:09:48.898918', '2023-03-07 23:09:48.901910', false);
INSERT INTO public.users (id, user_name, surname, gender, e_mail, phone, user_login, user_password, created, changed, is_deleted) VALUES (13, 'Alex', 'Belka', 'MALE', 'i_love_meat@gmail.com', '375293572393', 'Alex123', 'CrazyFrog2003', '2023-03-07 23:19:04.271680', '2023-03-07 23:19:04.273728', false);
INSERT INTO public.users (id, user_name, surname, gender, e_mail, phone, user_login, user_password, created, changed, is_deleted) VALUES (15, 'Masha', 'Shevko', 'FEMALE', 'maryaShevko@gmail.com', '375294475943', 'MashaShevko', 'rfvbgt54th', '2023-03-07 23:54:14.980147', '2023-03-07 23:54:14.981078', false);
INSERT INTO public.users (id, user_name, surname, gender, e_mail, phone, user_login, user_password, created, changed, is_deleted) VALUES (16, 'Kirill', 'Grud', 'MALE', 'brodiaga2000@gmail.com', '375291004583', 'Brodiaga', 'JTgr75Fn', '2023-03-08 00:15:07.454961', '2023-03-08 00:15:07.458910', false);
INSERT INTO public.users (id, user_name, surname, gender, e_mail, phone, user_login, user_password, created, changed, is_deleted) VALUES (17, 'Artyom', 'Grud', 'MALE', 'sunshine2000@gmail.com', '375291004583', 'piximixy', 'hjKhu689', '2023-03-08 00:17:48.282940', '2023-03-08 00:17:48.285956', false);
INSERT INTO public.users (id, user_name, surname, gender, e_mail, phone, user_login, user_password, created, changed, is_deleted) VALUES (12, 'Sasha', 'Kruk', 'MALE', 'belstu_kruk@gmail.com', '375337102848', 'SashaKruk', 'Hkn8f6GY', '2023-03-07 23:13:09.921307', '2023-03-08 10:13:39.224781', true);
INSERT INTO public.users (id, user_name, surname, gender, e_mail, phone, user_login, user_password, created, changed, is_deleted) VALUES (18, 'Petya', 'Chehov', 'MALE', 'poetryclub@gmail.com', '375337002849', 'Chehov', 'jekjwHj29', '2023-03-13 22:58:26.439689', '2023-03-13 22:58:26.442681', false);
INSERT INTO public.users (id, user_name, surname, gender, e_mail, phone, user_login, user_password, created, changed, is_deleted) VALUES (14, 'Alex', 'Belka', 'FEMALE', 'belochka98@gmail.com', '375292071284', 'AlexBel', 'defde46dj', '2023-03-07 23:30:24.311666', '2023-03-17 20:41:36.069673', true);
INSERT INTO public.users (id, user_name, surname, gender, e_mail, phone, user_login, user_password, created, changed, is_deleted) VALUES (19, 'Valery', 'Chirikov', 'MALE', 'valeryChirkanov@gmail.com', '375295714601', 'Valery', 'hgJ98bfsS', '2023-03-28 13:29:44.171409', '2023-03-29 22:20:51.900261', false);

INSERT INTO public.user_balance (id, user_id, balance, created, changed, is_deleted) VALUES (7, 10, 0, '2023-03-24 23:29:37.000000', '2023-03-24 23:30:01.000000', false);
INSERT INTO public.user_balance (id, user_id, balance, created, changed, is_deleted) VALUES (12, 12, 0, '2023-03-24 23:29:46.000000', '2023-03-24 23:30:10.000000', false);
INSERT INTO public.user_balance (id, user_id, balance, created, changed, is_deleted) VALUES (8, 13, 0, '2023-03-24 23:29:40.000000', '2023-03-24 23:30:03.000000', false);
INSERT INTO public.user_balance (id, user_id, balance, created, changed, is_deleted) VALUES (13, 18, 0, '2023-03-24 23:29:48.000000', '2023-03-24 23:30:12.000000', false);
INSERT INTO public.user_balance (id, user_id, balance, created, changed, is_deleted) VALUES (14, 14, 0, '2023-03-24 23:29:49.000000', '2023-03-24 23:30:14.000000', false);
INSERT INTO public.user_balance (id, user_id, balance, created, changed, is_deleted) VALUES (6, 4, 0, '2023-03-24 23:29:34.000000', '2023-03-24 23:30:00.000000', false);
INSERT INTO public.user_balance (id, user_id, balance, created, changed, is_deleted) VALUES (5, 5, 0, '2023-03-24 23:29:30.000000', '2023-03-24 23:29:58.000000', false);
INSERT INTO public.user_balance (id, user_id, balance, created, changed, is_deleted) VALUES (4, 2, 0, '2023-03-24 23:29:33.000000', '2023-03-24 23:29:56.000000', false);
INSERT INTO public.user_balance (id, user_id, balance, created, changed, is_deleted) VALUES (11, 17, 0, '2023-03-24 23:29:44.000000', '2023-03-24 23:30:08.000000', false);
INSERT INTO public.user_balance (id, user_id, balance, created, changed, is_deleted) VALUES (3, 1, 0, '2023-03-24 23:29:28.000000', '2023-03-24 23:29:53.000000', false);
INSERT INTO public.user_balance (id, user_id, balance, created, changed, is_deleted) VALUES (2, 3, 0, '2023-03-24 23:29:25.000000', '2023-03-24 23:29:51.000000', false);
INSERT INTO public.user_balance (id, user_id, balance, created, changed, is_deleted) VALUES (10, 16, 0, '2023-03-24 23:29:42.000000', '2023-03-24 23:30:06.000000', false);
INSERT INTO public.user_balance (id, user_id, balance, created, changed, is_deleted) VALUES (9, 15, 0, '2023-03-24 23:29:38.000000', '2023-03-24 23:30:05.000000', false);

INSERT INTO public.c_offer_status (id, status_name, created, changed, is_deleted) VALUES (1, 'ready for sale', '2023-03-02 11:30:53.000000', '2023-03-02 11:31:10.000000', false);
INSERT INTO public.c_offer_status (id, status_name, created, changed, is_deleted) VALUES (2, 'sold', '2023-03-02 11:31:25.000000', '2023-03-02 11:31:28.000000', false);
INSERT INTO public.c_offer_status (id, status_name, created, changed, is_deleted) VALUES (3, 'deleted', '2023-03-02 11:31:43.000000', '2023-03-02 11:31:45.000000', false);
INSERT INTO public.c_offer_status (id, status_name, created, changed, is_deleted) VALUES (4, 'booked', '2023-04-04 13:36:26.000000', '2023-04-04 13:36:29.000000', false);

INSERT INTO public.c_product_categories (id, category_name, created, changed, is_deleted) VALUES (1, 'repair and construction', '2022-03-02 13:38:36.000000', '2022-03-02 13:39:09.000000', false);
INSERT INTO public.c_product_categories (id, category_name, created, changed, is_deleted) VALUES (2, 'furniture', '2022-03-02 13:45:09.000000', '2022-03-02 13:45:18.000000', false);
INSERT INTO public.c_product_categories (id, category_name, created, changed, is_deleted) VALUES (3, 'hobbies', '2022-03-02 13:45:42.000000', '2022-03-02 13:45:45.000000', false);
INSERT INTO public.c_product_categories (id, category_name, created, changed, is_deleted) VALUES (4, 'sports', '2022-03-02 13:46:00.000000', '2022-03-02 13:46:09.000000', false);
INSERT INTO public.c_product_categories (id, category_name, created, changed, is_deleted) VALUES (5, 'for children', '2022-03-02 13:46:39.000000', '2022-03-02 13:46:43.000000', false);
INSERT INTO public.c_product_categories (id, category_name, created, changed, is_deleted) VALUES (6, 'women''s clothes', '2022-03-02 13:47:26.000000', '2022-03-02 13:47:30.000000', false);
INSERT INTO public.c_product_categories (id, category_name, created, changed, is_deleted) VALUES (7, 'men''s clothes', '2022-03-02 13:47:49.000000', '2022-03-02 13:47:54.000000', false);
INSERT INTO public.c_product_categories (id, category_name, created, changed, is_deleted) VALUES (8, 'animals', '2022-03-02 13:48:21.000000', '2022-03-02 13:48:27.000000', false);
INSERT INTO public.c_product_categories (id, category_name, created, changed, is_deleted) VALUES (9, 'electronics', '2022-03-02 13:48:50.000000', '2022-03-02 13:48:54.000000', false);
INSERT INTO public.c_product_categories (id, category_name, created, changed, is_deleted) VALUES (10, 'garden', '2022-03-02 13:49:11.000000', '2022-03-02 13:49:14.000000', false);
INSERT INTO public.c_product_categories (id, category_name, created, changed, is_deleted) VALUES (11, 'beauty and health', '2022-03-02 13:49:37.000000', '2022-03-02 13:49:40.000000', false);
INSERT INTO public.c_product_categories (id, category_name, created, changed, is_deleted) VALUES (12, 'phones', '2022-03-02 13:50:02.000000', '2022-03-02 13:50:12.000000', false);
INSERT INTO public.c_product_categories (id, category_name, created, changed, is_deleted) VALUES (13, 'computers', '2022-03-02 13:50:39.000000', '2022-03-02 13:50:43.000000', false);
INSERT INTO public.c_product_categories (id, category_name, created, changed, is_deleted) VALUES (14, 'household appliances', '2022-03-02 13:52:00.000000', '2022-03-02 13:52:04.000000', false);
INSERT INTO public.c_product_categories (id, category_name, created, changed, is_deleted) VALUES (15, 'tableware', '2022-03-02 13:52:34.000000', '2022-03-02 13:52:37.000000', false);
INSERT INTO public.c_product_categories (id, category_name, created, changed, is_deleted) VALUES (16, 'houseplants', '2022-03-02 13:53:12.000000', '2022-03-02 13:53:15.000000', false);
INSERT INTO public.c_product_categories (id, category_name, created, changed, is_deleted) VALUES (17, 'interior items', '2022-03-02 13:53:44.000000', '2022-03-02 13:53:47.000000', false);
INSERT INTO public.c_product_categories (id, category_name, created, changed, is_deleted) VALUES (18, 'other', '2022-03-02 13:54:17.000000', '2022-03-02 13:54:20.000000', false);

INSERT INTO public.c_product_conditions (id, condition_name, created, changed, is_deleted) VALUES (3, 'any', '2022-03-02 11:37:12.000000', '2022-03-02 11:37:15.000000', false);
INSERT INTO public.c_product_conditions (id, condition_name, created, changed, is_deleted) VALUES (2, 'used', '2022-03-02 11:36:58.000000', '2022-03-02 11:37:01.000000', false);
INSERT INTO public.c_product_conditions (id, condition_name, created, changed, is_deleted) VALUES (1, 'new', '2022-03-02 11:36:40.000000', '2022-03-02 11:36:42.000000', false);

INSERT INTO public.purchase_offers (id, seller_id, customer_id, status_id, product_name, product_category_id, product_condition_id, price, created, changed, is_deleted) VALUES (4, 15, 17, 2, 'Sport bag', 4, 2, 25.55, '2023-03-17 23:06:20.077950', '2023-03-17 23:19:57.484554', true);
INSERT INTO public.purchase_offers (id, seller_id, customer_id, status_id, product_name, product_category_id, product_condition_id, price, created, changed, is_deleted) VALUES (3, 15, 17, 2, 'Sport bag', 4, 2, 30, '2023-03-17 23:03:10.049358', '2023-03-17 23:19:01.635560', false);
INSERT INTO public.purchase_offers (id, seller_id, customer_id, status_id, product_name, product_category_id, product_condition_id, price, created, changed, is_deleted) VALUES (1, 3, 1, 2, 'In the Tall Grass by Stephen King', 3, 2, 8, '2022-05-02 14:24:36.000000', '2022-05-06 14:25:01.000000', false);
INSERT INTO public.purchase_offers (id, seller_id, customer_id, status_id, product_name, product_category_id, product_condition_id, price, created, changed, is_deleted) VALUES (5, 16, 18, 2, 'SSD, HDD', 13, 1, 280, '2023-03-22 20:43:50.535964', '2023-03-22 20:43:50.536961', false);
INSERT INTO public.purchase_offers (id, seller_id, customer_id, status_id, product_name, product_category_id, product_condition_id, price, created, changed, is_deleted) VALUES (2, 2, 13, 2, 'Ficus Benjamina', 16, 3, 18, '2022-04-27 14:32:15.000000', '2023-03-22 21:19:58.080569', false);
INSERT INTO public.purchase_offers (id, seller_id, customer_id, status_id, product_name, product_category_id, product_condition_id, price, created, changed, is_deleted) VALUES (6, 10, null, 1, 'Cup 500ml', 15, 2, 3, '2023-03-22 21:48:44.000000', '2023-03-22 21:56:50.118613', false);
INSERT INTO public.purchase_offers (id, seller_id, customer_id, status_id, product_name, product_category_id, product_condition_id, price, created, changed, is_deleted) VALUES (7, 16, 2, 2, 'Manga Naruto 1 volume', 3, 1, 15, '2023-03-27 20:48:35.216668', '2023-03-27 21:12:02.934018', false);
INSERT INTO public.purchase_offers (id, seller_id, customer_id, status_id, product_name, product_category_id, product_condition_id, price, created, changed, is_deleted) VALUES (8, 3, null, 1, 'Screen for PC', 13, 2, 175, '2023-03-27 20:59:48.136925', '2023-03-29 22:21:11.610298', false);

INSERT INTO public.c_payment_type (id, type, created, changed, is_deleted) VALUES (1, 'by card', '2022-03-02 11:40:41.000000', '2022-03-02 11:40:42.000000', false);
INSERT INTO public.c_payment_type (id, type, created, changed, is_deleted) VALUES (3, 'digital wallet', '2022-03-02 11:41:26.000000', '2022-03-02 11:41:28.000000', false);
INSERT INTO public.c_payment_type (id, type, created, changed, is_deleted) VALUES (2, 'by cash', '2022-03-02 11:40:56.000000', '2022-03-02 11:40:58.000000', false);
INSERT INTO public.c_payment_type (id, type, created, changed, is_deleted) VALUES (4, 'by mobile phone', '2022-03-02 11:41:55.000000', '2022-03-02 11:41:57.000000', false);

