insert into public.users (id, user_name, surname, gender, e_mail, phone, user_login, user_password, created, changed,
                          is_deleted)
values (1, 'Kate', 'Komleva', 'FEMALE', 'komlevakate99@gmail.com', '375295905041', 'katekoml', 'kate666',
        '2023-02-27 20:37:05.000000', '2023-02-27 20:37:10.000000', false),
       (2, 'Lisa', 'Benich', 'FEMALE', 'elizavetaben@gmail.tom', '375298881518', '666girl', 'paukan76',
        '2023-02-27 20:40:18.000000', '2023-02-27 20:40:21.000000', false),
       (3, 'Anton', 'Sher', 'MALE', 'kitshanton94@gmail.com', '375334568765', 'antoshka', 'hfjk46j',
        '2023-02-27 20:42:43.000000', '2023-02-27 20:42:46.000000', false),
       (4, 'Max', 'Karpov', 'MALE', 'max999killer@gmail.com', '375444798503', 'maxkiller', '8juhkli7',
        '2023-03-02 16:20:11.514357', '2023-05-14 19:22:33.807716', false),
       (5, 'Gloria', 'Fuxy', 'FEMALE', 'worldglory@gmail.com', '375295782332', 'gloryGirl', 'dskwlf84',
        '2023-03-02 21:39:34.303215', '2023-03-02 21:39:34.305067', false),
       (6, 'Astrid', 'Voas', 'FEMALE', 'avoas0@cnbc.com', '375443677049', 'avoas0', '7TpAHLR57N',
        '2023-04-25 14:47:19.204620', '2023-04-25 14:47:19.204620', false),
       (10, 'Mihael', 'Smith', 'MALE', 'johnDoue@gmail.com', '375448880808', 'MikeSmith', '69gkhku8b',
        '2023-03-07 23:09:48.898918', '2023-03-07 23:09:48.901910', false),
       (13, 'Alex', 'Belka', 'MALE', 'i_love_meat@gmail.com', '375293572393', 'Alex123', 'CrazyFrog2003',
        '2023-03-07 23:19:04.271680', '2023-03-07 23:19:04.273728', false),
       (16, 'Kirill', 'Grud', 'MALE', 'brodiaga2000@gmail.com', '375291004583', 'Brodiaga', 'JTgr75Fn',
        '2023-03-08 00:15:07.454961', '2023-03-08 00:15:07.458910', false),
       (17, 'Artyom', 'Grudov', 'MALE', 'sunshine2000@gmail.com', '375291004583', 'piximixy', 'hjKhu689',
        '2023-03-08 00:17:48.282940', '2023-05-08 21:57:17.593114', false),
       (18, 'Petya', 'Chehov', 'MALE', 'poetryclub@gmail.com', '375337002849', 'Chehov', 'jekjwHj29',
        '2023-03-13 22:58:26.439689', '2023-03-13 22:58:26.442681', false),
       (19, 'Valery', 'Chirikov', 'MALE', 'valeryChirkanov@gmail.com', '375295714601', 'Valery', 'hgJ98bfsS',
        '2023-03-28 13:29:44.171409', '2023-03-29 22:20:51.900261', false),
       (32, 'Paton', 'McAulay', 'MALE', 'pmcaulay1@freewebs.com', '375444887028', 'pmcaulay1', '8URjRrQP3y',
        '2023-04-25 15:01:03.534424', '2023-05-08 21:58:36.260431', false),
       (33, 'Carr', 'Albrighton', 'MALE', 'calbrighton2@msu.edu', '375293625025', 'calbrighton2', 'yjg8yk',
        '2023-04-25 15:01:10.248980', '2023-04-25 15:01:10.248980', false),
       (34, 'Diane', 'Neillans', 'OTHER', 'dneillans3@virginia.edu', '375293558661', 'dneillans3', 'Cw7oldf0B9Vv',
        '2023-04-25 15:01:43.954795', '2023-04-25 15:01:43.954000', false),
       (35, 'Gauthier', 'OFihillie', 'OTHER', 'gofihillie4@vimeo.com', '375446906672', 'gofihillie4', 'IIBPXUZ',
        '2023-04-25 15:01:43.968703', '2023-04-25 15:01:43.968000', false),
       (36, 'Karla', 'Varley', 'FEMALE', 'kvarley5@godaddy.com', '375299641391', 'kvarley5', 'W0cRGndGDL',
        '2023-04-25 15:01:43.976381', '2023-04-25 15:01:43.976381', false),
       (37, 'Zelma', 'Derdes', 'FEMALE', 'zderdes6@geocities.jp', '375297051411', 'zderdes6', 'LdKug2',
        '2023-04-25 15:01:43.983295', '2023-04-25 15:01:43.983295', false),
       (38, 'Gnni', 'Hartop', 'FEMALE', 'ghartop7@google.ca', '375443467711', 'ghartop7', 'FmWLoEe',
        '2023-04-25 15:01:43.996099', '2023-04-25 15:01:43.996099', false),
       (39, 'Gerty', 'Rosenblad', 'OTHER', 'grosenblad8@columbia.edu', '375441804344', 'grosenblad8', 'vpNDQcjt',
        '2023-04-25 15:01:44.004307', '2023-04-25 15:01:44.004307', false),
       (40, 'Silvia', 'Camlin', 'FEMALE', 'scamlin9@tmall.com', '375293808272', 'scamlin9', 'xYiodhspM7g',
        '2023-04-25 15:01:44.014194', '2023-04-25 15:01:44.014194', false),
       (41, 'Cassie', 'Lotherington', 'MALE', 'clotheringtona@chron.com', '375299613795', 'clotheringtona', 'jwerSGZGY',
        '2023-04-25 15:01:44.023053', '2023-04-25 15:01:44.023053', false),
       (42, 'Kyrstin', 'Switzer', 'FEMALE', 'kswitzerb@irs.gov', '375298413191', 'kswitzerb', 'rPCKWk2',
        '2023-04-25 15:01:44.033991', '2023-04-25 15:01:44.033991', false),
       (43, 'Beale', 'Risom', 'MALE', 'brisomc@slate.com', '375292573150', 'brisomc', 'CK40zawQ2',
        '2023-04-25 15:01:44.043685', '2023-04-25 15:01:44.043685', false),
       (44, 'Clareta', 'Shalloo', 'FEMALE', 'cshallood@delicious.com', '375443714747', 'cshallood', 'tfEEIgZxg7AW',
        '2023-04-25 15:01:44.056576', '2023-04-25 15:01:44.056576', false),
       (45, 'Fabio', 'Whapples', 'MALE', 'fwhapplese@microsoft.com', '375299225179', 'fwhapplese', 'C5f087PZw',
        '2023-04-25 15:01:44.063358', '2023-04-25 15:01:44.063358', false),
       (46, 'Christi', 'Eddleston', 'FEMALE', 'ceddlestonf@jugem.jp', '375446889885', 'ceddlestonf', 'Vq4Zw94eIUQ',
        '2023-04-25 15:01:44.076039', '2023-04-25 15:01:44.076039', false),
       (47, 'Sibylle', 'Hucknall', 'OTHER', 'shucknallg@marketwatch.com', '375297781522', 'shucknallg', 'wHZdrhvF',
        '2023-04-25 15:01:44.083190', '2023-04-25 15:01:44.083190', false),
       (48, 'Kelly', 'Redwing', 'MALE', 'kredwingh@wp.com', '375298640638', 'kredwingh', '4QaCLOMDiR',
        '2023-04-25 15:01:44.089352', '2023-04-25 15:01:44.089352', false),
       (49, 'Ax', 'Sans', 'MALE', 'asansi@home.pl', '375443218873', 'asansi', 'abVqUz3FVj',
        '2023-04-25 15:01:44.095504', '2023-04-25 15:01:44.095504', false),
       (50, 'Devy', 'Peasegod', 'MALE', 'dpeasegodj@dell.com', '375293096848', 'dpeasegodj', 'BgPmrGZp',
        '2023-04-25 15:01:44.103012', '2023-04-25 15:01:44.103012', false),
       (51, 'Quint', 'Berfoot', 'MALE', 'qberfootk@economist.com', '737529889945', 'qberfootk', 'JxODoZvKup',
        '2023-04-25 15:01:44.108798', '2023-04-25 15:01:44.108798', false),
       (52, 'Adelle', 'Worling', 'OTHER', 'aworlingl@epa.gov', '375449566477', 'aworlingl', 'nvnP3aOdVQC',
        '2023-04-25 15:01:44.119211', '2023-04-25 15:01:44.119211', false),
       (53, 'Muffin', 'Wittey', 'FEMALE', 'mwitteym@storify.com', '375443815779', 'mwitteym', 'Ciwd0kT',
        '2023-04-25 15:01:44.126646', '2023-04-25 15:01:44.126646', false),
       (54, 'Addy', 'Shewon', 'MALE', 'ashewonn@cnbc.com', '375293528848', 'ashewonn', 'xriwxj3Qyn',
        '2023-04-25 15:01:44.133611', '2023-04-25 15:01:44.133611', false),
       (55, 'Vally', 'Baumert', 'OTHER', 'vbaumerto@baidu.com', '375297555686', 'vbaumerto', 'GbJJIYD',
        '2023-04-25 15:01:44.141383', '2023-04-25 15:01:44.141383', false),
       (56, 'Marcel', 'Halle', 'MALE', 'mhallep@cam.ac.uk', '375443418606', 'mhallep', 'r3WrgoF',
        '2023-04-25 15:01:44.150198', '2023-04-25 15:01:44.150198', false),
       (57, 'Georgianne', 'Malitrott', 'FEMALE', 'gmalitrottq@geocities.jp', '375292560576', 'gmalitrottq', 'aSERAAHW',
        '2023-04-25 15:01:44.156667', '2023-04-25 15:01:44.156667', false),
       (58, 'Zacharie', 'Torbard', 'MALE', 'ztorbardr@cocolog-nifty.com', '375297388349', 'ztorbardr', 'Eey7n2nu',
        '2023-04-25 15:01:44.163150', '2023-04-25 15:01:44.163150', false),
       (59, 'Pavla', 'Croad', 'FEMALE', 'pcroads@bloglovin.com', '375293761003', 'pcroads', 'VUJWn7tT0ArN',
        '2023-04-25 15:01:44.168784', '2023-04-25 15:01:44.168784', false),
       (60, 'Herman', 'Coogan', 'MALE', 'hcoogant@accuweather.com', '375294311957', 'hcoogant', 'XJrfbiudUTvJ',
        '2023-04-25 15:01:44.175745', '2023-04-25 15:01:44.175745', false),
       (61, 'Kienan', 'Yerrell', 'MALE', 'kyerrellu@newyorker.com', '375441587403', 'kyerrellu', 'wpY26DZ',
        '2023-04-25 15:01:44.182644', '2023-04-25 15:01:44.182644', false),
       (62, 'Ellis', 'Franckton', 'MALE', 'efrancktonv@yolasite.com', '375442830386', 'efrancktonv', 'W7zaMtBQd',
        '2023-04-25 15:01:44.190826', '2023-04-25 15:01:44.190826', false),
       (63, 'Hallsy', 'Baselio', 'MALE', 'hbaseliow@smugmug.com', '375298358997', 'hbaseliow', 'DvSZSu',
        '2023-04-25 15:01:44.203544', '2023-04-25 15:01:44.203544', false),
       (64, 'Zaneta', 'Sambiedge', 'FEMALE', 'zsambiedgex@tinyurl.com', '375295734530', 'zsambiedgex', 'kM5KVHi64WNp',
        '2023-04-25 15:01:44.212825', '2023-04-25 15:01:44.212825', false),
       (65, 'Sallyanne', 'Dollard', 'FEMALE', 'sdollardy@microsoft.com', '375293471859', 'sdollardy', 'RZCj4DSKa0o',
        '2023-04-25 15:01:44.222798', '2023-04-25 15:01:44.222798', false),
       (66, 'Florence', 'Doody', 'FEMALE', 'fdoodyz@lycos.com', '375292783512', 'fdoodyz', 'yWgQOZHngM9',
        '2023-04-25 15:01:44.233177', '2023-04-25 15:01:44.233177', false),
       (67, 'Maurizia', 'Bolle', 'FEMALE', 'mbolle10@naver.com', '375291694577', 'mbolle10', 'CyREMnsCBBb',
        '2023-04-25 15:01:44.241821', '2023-04-25 15:01:44.241821', false),
       (68, 'Eden', 'Rickets', 'FEMALE', 'erickets11@purevolume.com', '375293479502', 'erickets11', 'vqogoHK',
        '2023-04-25 15:01:44.250186', '2023-04-25 15:01:44.250186', false),
       (69, 'Kiel', 'Mc Curlye', 'MALE', 'kmccurlye12@zdnet.com', '375292672724', 'kmccurlye12', 'bEfLburA72',
        '2023-04-25 15:01:44.257055', '2023-04-25 15:01:44.257055', false),
       (70, 'Nesta', 'MacTrustam', 'FEMALE', 'nmactrustam13@wikimedia.org', '375292868860', 'nmactrustam13', '0QXzP1',
        '2023-04-25 15:01:44.268335', '2023-04-25 15:01:44.268335', false),
       (71, 'Gertrudis', 'Standish', 'FEMALE', 'gstandish14@seattletimes.com', '375293203914', 'gstandish14', 'g8siSaB',
        '2023-04-25 15:01:44.276333', '2023-04-25 15:01:44.276333', false),
       (72, 'Heath', 'Grinval', 'FEMALE', 'hgrinval15@parallels.com', '375294942361', 'hgrinval15', '9MI4AIGz',
        '2023-04-25 15:01:44.284427', '2023-04-25 15:01:44.284427', false),
       (73, 'Karlik', 'Beyer', 'MALE', 'kbeyer16@nba.com', '375296350097', 'kbeyer16', 'lynAlQwi',
        '2023-04-25 15:01:44.291748', '2023-04-25 15:01:44.291748', false),
       (74, 'Sissie', 'Airs', 'FEMALE', 'sairs17@xrea.com', '375294863078', 'sairs17', 'xX7Gm7oprTs',
        '2023-04-25 15:01:44.306365', '2023-04-25 15:01:44.306365', false),
       (75, 'Lock', 'Cisland', 'MALE', 'lcisland18@comsenz.com', '375293745352', 'lcisland18', 'BNxjJpQYAnM',
        '2023-04-25 15:01:44.317266', '2023-04-25 15:01:44.317266', false),
       (76, 'Olivie', 'Torbeck', 'OTHER', 'otorbeck19@123-reg.co.uk', '375338503149', 'otorbeck19', 'b1jrsvgRV',
        '2023-04-25 15:01:44.326752', '2023-04-25 15:01:44.326752', false),
       (77, 'Josselyn', 'Pllu', 'FEMALE', 'jpllu1a@parallels.com', '375338677535', 'jpllu1a', 'pMXRQ1',
        '2023-04-25 15:01:44.335649', '2023-04-25 15:01:44.335649', false),
       (78, 'Guthrie', 'Drynan', 'MALE', 'gdrynan1b@thetimes.co.uk', '375334220573', 'gdrynan1b', 'HTxhv1yoO',
        '2023-04-25 15:01:44.344194', '2023-04-25 15:01:44.344194', false),
       (79, 'Edwin', 'Poller', 'MALE', 'epoller1c@globo.com', '375336335449', 'epoller1c', 'VBlAltKc7CIq',
        '2023-04-25 15:01:44.351230', '2023-04-25 15:01:44.351230', false),
       (80, 'Devan', 'Luppitt', 'FEMALE', 'dluppitt1d@plala.or.jp', '375332225502', 'dluppitt1d', 'IPfwl5or66p',
        '2023-04-25 15:01:44.361008', '2023-04-25 15:01:44.361008', false),
       (81, 'Rudyard', 'Colam', 'MALE', 'rcolam1e@guardian.co.uk', '375334068168', 'rcolam1e', 'j56j6sKIu6c',
        '2023-04-25 15:01:44.370126', '2023-04-25 15:01:44.370126', false),
       (82, 'Orson', 'Sidebotham', 'MALE', 'osidebotham1f@ibm.com', '375339138861', 'osidebotham1f', 'r2OmA8dabl',
        '2023-04-25 15:01:44.381990', '2023-04-25 15:01:44.381990', false),
       (83, 'Derril', 'Faussett', 'MALE', 'dfaussett1g@vkontakte.ru', '375292938579', 'dfaussett1g', 'frUlfY4B',
        '2023-04-25 15:01:44.389076', '2023-04-25 15:01:44.389076', false),
       (84, 'Othilia', 'Werrett', 'OTHER', 'owerrett1h@t-online.de', '375296463965', 'owerrett1h', 'EWlIgRH7e1C',
        '2023-04-25 15:01:44.400644', '2023-04-25 15:01:44.400644', false),
       (85, 'Franky', 'Andre', 'MALE', 'fandre1i@goo.gl', '375298795337', 'fandre1i', 'qgxppFOUzNaa',
        '2023-04-25 15:01:44.409901', '2023-04-25 15:01:44.409901', false),
       (86, 'Ethelind', 'Thaxter', 'FEMALE', 'ethaxter1j@is.gd', '375338261704', 'ethaxter1j', 'rnTyUy0KFAj',
        '2023-04-25 15:01:44.418611', '2023-04-25 15:01:44.418611', false),
       (87, 'Emmey', 'Fullard', 'FEMALE', 'efullard1k@time.com', '375297705569', 'efullard1k', 'Dihox1',
        '2023-04-25 15:01:44.429452', '2023-04-25 15:01:44.429452', false),
       (88, 'Leonerd', 'Thoresby', 'MALE', 'lthoresby1l@reverbnation.com', '375293813173', 'lthoresby1l', 'jBz8kMa',
        '2023-04-25 15:01:44.436715', '2023-04-25 15:01:44.436715', false),
       (89, 'Ellis', 'Leimster', 'MALE', 'eleimster1m@uol.com.br', '375297127897', 'eleimster1m', 'XoGesypSVx',
        '2023-04-25 15:01:44.449589', '2023-04-25 15:01:44.449589', false),
       (90, 'Mirna', 'Demogeot', 'FEMALE', 'mdemogeot1n@timesonline.co.uk', '375331463821', 'mdemogeot1n', 'BGK6IMStjG',
        '2023-04-25 15:01:44.458192', '2023-04-25 15:01:44.458192', false),
       (91, 'Minna', 'Fullagar', 'FEMALE', 'mfullagar1o@bandcamp.com', '375299157910', 'mfullagar1o', 'iHfmdLg',
        '2023-04-25 15:01:44.465442', '2023-04-25 15:01:44.465442', false),
       (92, 'Jessika', 'Fearnyhough', 'FEMALE', 'jfearnyhough1p@oracle.com', '375298709580', 'jfearnyhough1p',
        '3EM79pt5iq', '2023-04-25 15:01:44.472996', '2023-04-25 15:01:44.472996', false),
       (93, 'Natty', 'Landal', 'MALE', 'nlandal1q@shareasale.com', '375338815187', 'nlandal1q', 'EtRwL8qJLW',
        '2023-04-25 15:01:44.480199', '2023-04-25 15:01:44.480199', false),
       (94, 'Cristionna', 'Guillford', 'FEMALE', 'cguillford1r@sourceforge.net', '375293699698', 'cguillford1r',
        '9xwkmP', '2023-04-25 15:01:44.487053', '2023-04-25 15:01:44.487053', false),
       (95, 'Adah', 'Durrance', 'FEMALE', 'adurrance1s@tripadvisor.com', '375293321135', 'adurrance1s', 'mOHWpsJSO',
        '2023-04-25 15:01:44.497805', '2023-04-25 15:01:44.497805', false),
       (96, 'Consuelo', 'Dunster', 'FEMALE', 'cdunster1t@cbc.ca', '375336300470', 'cdunster1t', 'R5tMSzpBswGZ',
        '2023-04-25 15:01:44.510026', '2023-04-25 15:01:44.510026', false),
       (97, 'Augustina', 'Bouchard', 'FEMALE', 'abouchard1u@squarespace.com', '375333274081', 'abouchard1u',
        'AIYjpQg5UNF', '2023-04-25 15:01:44.523030', '2023-04-25 15:01:44.523030', false),
       (98, 'Shurwood', 'Tampin', 'MALE', 'stampin1v@digg.com', '375293701746', 'stampin1v', 'FOxBdg4VeC',
        '2023-04-25 15:01:44.535115', '2023-04-25 15:01:44.535115', false),
       (99, 'Helaine', 'Mournian', 'FEMALE', 'hmournian1w@hp.com', '375292732736', 'hmournian1w', 'z8b8cYlO1JFy',
        '2023-04-25 15:01:44.543210', '2023-04-25 15:01:44.543210', false),
       (100, 'Arlee', 'Kores', 'FEMALE', 'akores1x@gizmodo.com', '375297336432', 'akores1x', '0iyrcyMZbgi',
        '2023-04-25 15:01:44.555084', '2023-04-25 15:01:44.555084', false),
       (101, 'Lyndsey', 'Penswick', 'FEMALE', 'lpenswick1y@samsung.com', '375294463651', 'lpenswick1y', '6AUi1Po',
        '2023-04-25 15:01:44.563643', '2023-04-25 15:01:44.563643', false),
       (102, 'Clemente', 'Wooles', 'MALE', 'cwooles1z@theguardian.com', '375295360219', 'cwooles1z', 'hWn867eDg',
        '2023-04-25 15:01:44.577329', '2023-04-25 15:01:44.577329', false),
       (103, 'Hermann', 'Constance', 'MALE', 'hconstance20@scribd.com', '375294281500', 'hconstance20', 'XO6GAnTNoC',
        '2023-04-25 15:01:44.592881', '2023-04-25 15:01:44.592881', false),
       (104, 'Danell', 'Bartolomeoni', 'FEMALE', 'dbartolomeoni21@dion.ne.jp', '375337103328', 'dbartolomeoni21',
        'lNbR2mXjG', '2023-04-25 15:01:44.602709', '2023-04-25 15:01:44.602709', false),
       (105, 'Bank', 'Rapelli', 'MALE', 'brapelli22@surveymonkey.com', '375332425580', 'brapelli22', '6ycwIT',
        '2023-04-25 15:01:44.609548', '2023-04-25 15:01:44.609548', false),
       (106, 'Dael', 'Mullord', 'FEMALE', 'dmullord23@tuttocitta.it', '375295518184', 'dmullord23', 'r2y1EYfW9nT0',
        '2023-04-25 15:01:44.620175', '2023-04-25 15:01:44.620175', false),
       (107, 'Juana', 'Kilfeder', 'FEMALE', 'jkilfeder24@aol.com', '375298435824', 'jkilfeder24', 'jdZ0tmFOoPeD',
        '2023-04-25 15:01:44.632029', '2023-04-25 15:01:44.632029', false),
       (108, 'Brianne', 'Hakewell', 'FEMALE', 'bhakewell25@wiley.com', '375298019254', 'bhakewell25', 'xKNDNP1jk8pa',
        '2023-04-25 15:01:44.641676', '2023-04-25 15:01:44.641676', false),
       (109, 'Virgina', 'Guinan', 'FEMALE', 'vguinan26@mozilla.org', '375334474767', 'vguinan26', 'zu51kdSq',
        '2023-04-25 15:01:44.651738', '2023-04-25 15:01:44.651738', false),
       (110, 'Ingram', 'Nequest', 'OTHER', 'inequest27@jigsy.com', '375292363512', 'inequest27', 'TsQgRKk',
        '2023-04-25 15:01:44.658128', '2023-04-25 15:01:44.658128', false),
       (111, 'Ashlan', 'Gwillym', 'FEMALE', 'agwillym28@miitbeian.gov.cn', '375299010530', 'agwillym28', 'SJI2Jv',
        '2023-04-25 15:01:44.666315', '2023-04-25 15:01:44.666315', false),
       (112, 'Johnathan', 'Points', 'MALE', 'jpoints29@smh.com.au', '375298548552', 'jpoints29', 'vXyAGCvO',
        '2023-04-25 15:01:44.674610', '2023-04-25 15:01:44.674610', false),
       (113, 'Quincy', 'Gentle', 'MALE', 'qgentle2a@sitemeter.com', '375299138472', 'qgentle2a', 'Rg0TXWKmITh',
        '2023-04-25 15:01:44.680982', '2023-04-25 15:01:44.680982', false),
       (114, 'Darice', 'Flintoft', 'OTHER', 'dflintoft2b@blinklist.com', '375337460693', 'dflintoft2b', 'wcf3X3rra4',
        '2023-04-25 15:01:44.688444', '2023-04-25 15:01:44.688444', false),
       (115, 'Gianni', 'Elix', 'OTHER', 'gelix2c@xinhuanet.com', '375333756002', 'gelix2c', '5vaPpy',
        '2023-04-25 15:01:44.694049', '2023-04-25 15:01:44.694049', false),
       (116, 'Natalee', 'Kennagh', 'FEMALE', 'nkennagh2d@wsj.com', '375293887761', 'nkennagh2d', '5OXFxpU1Qkjy',
        '2023-04-25 15:01:44.704503', '2023-04-25 15:01:44.704503', false),
       (117, 'Kerwinn', 'Sargerson', 'MALE', 'ksargerson2e@prlog.org', '375296298519', 'ksargerson2e', 'eBtwaXrITlzc',
        '2023-04-25 15:01:44.713173', '2023-04-25 15:01:44.713173', false),
       (118, 'Werner', 'Eplett', 'MALE', 'weplett2f@bigcartel.com', '375334495572', 'weplett2f', 'rtBMxKGNxWb',
        '2023-04-25 15:01:44.724829', '2023-04-25 15:01:44.724829', false),
       (119, 'Blaine', 'Baterip', 'MALE', 'bbaterip2g@yale.edu', '375331198794', 'bbaterip2g', 'Czl2JVKIQH7c',
        '2023-04-25 15:01:44.738013', '2023-04-25 15:01:44.738013', false),
       (120, 'Ingar', 'Titterrell', 'MALE', 'ititterrell2h@cnet.com', '375296231049', 'ititterrell2h', 'kIReBwW1HGMk',
        '2023-04-25 15:01:44.746315', '2023-04-25 15:01:44.746315', false),
       (121, 'Alric', 'Humphrey', 'MALE', 'ahumphrey2i@youtube.com', '375291826042', 'ahumphrey2i', 'DIwIQKk',
        '2023-04-25 15:01:44.753431', '2023-04-25 15:01:44.753431', false),
       (122, 'Sutton', 'Tremeer', 'MALE', 'stremeer2j@state.gov', '375297040390', 'stremeer2j', '95rwflgRcW',
        '2023-04-25 15:01:44.765022', '2023-04-25 15:01:44.765022', false),
       (123, 'Ruthi', 'Gludor', 'FEMALE', 'rgludor2k@hhs.gov', '375332971478', 'rgludor2k', 'tjw81zH6NI6N',
        '2023-04-25 15:01:44.775004', '2023-04-25 15:01:44.775004', false),
       (124, 'Didi', 'Kingsly', 'FEMALE', 'dkingsly2l@marketwatch.com', '375334328911', 'dkingsly2l', 'YovuEy',
        '2023-04-25 15:01:44.786168', '2023-04-25 15:01:44.786168', false),
       (125, 'Gaelan', 'Golden', 'MALE', 'ggolden2m@linkedin.com', '375339325789', 'ggolden2m', 'd5LVr0K',
        '2023-04-25 15:01:44.803017', '2023-04-25 15:01:44.803017', false),
       (126, 'Rodina', 'Denkin', 'FEMALE', 'rdenkin2n@archive.org', '375292526995', 'rdenkin2n', 'OF9vYB',
        '2023-04-25 15:01:44.813346', '2023-04-25 15:01:44.813346', false),
       (127, 'Enrichetta', 'Glaserman', 'FEMALE', 'eglaserman2o@samsung.com', '375292371455', 'eglaserman2o',
        'gbmdmZQ3aV5G', '2023-04-25 15:01:44.826935', '2023-04-25 15:01:44.826935', false),
       (128, 'Hannah', 'Gallico', 'OTHER', 'hgallico2p@fc2.com', '375297196087', 'hgallico2p', 'eFyU13r',
        '2023-04-25 15:01:44.840512', '2023-04-25 15:01:44.840512', false),
       (129, 'Rachel', 'Gregg', 'FEMALE', 'rgregg2q@reuters.com', '375294506223', 'rgregg2q', 'fFcT5Rf',
        '2023-04-25 15:01:44.855603', '2023-04-25 15:01:44.855603', false),
       (130, 'Wyndham', 'Darke', 'MALE', 'wdarke2r@hc360.com', '375296965722', 'wdarke2r', 'ie5awaje9vtk',
        '2023-04-25 15:01:44.864443', '2023-04-25 15:01:44.864443', false),
       (131, 'Fancy', 'McDonald', 'MALE', 'McDonaldFancy@gmail.com', '375253952019', 'McDonald', 'jheuKJds843',
        '2023-05-08 21:53:50.602285', '2023-05-08 21:53:50.602285', false),
       (133, 'Lisa', 'Koshmar', 'FEMALE', 'KoshmarLiza@gmail.com', '375330492713', 'Koshmar', 'fnmKjkdfnJJ55',
        '2023-05-10 21:05:00.094597', '2023-05-10 21:06:31.101244', false),
       (134, 'Four', 'Divergent', 'MALE', 'iLikeDivergent@gmail.com', '375253302141', 'FourDiv', 'fgjySrh65',
        '2023-05-21 01:02:58.454682', '2023-05-21 01:02:58.454682', false),
       (135, 'Marina', 'Makarchuk', 'FEMALE', '3makarchuk.marina3@mail.ru', '375335903123', 'MarinkaMak', '29dUYmwls',
        '2023-05-22 15:33:56.086378', '2023-05-22 15:33:56.087375', false),
       (136, 'Timur', 'Kumaidov', 'MALE', 'timur2021@gmail.com', '375292980202', 'TimurKumaidov', 'ejrhUHJ82nb',
        '2023-05-22 21:21:16.477055', '2023-05-22 21:21:16.477055', false),
       (138, 'Daria', 'Shschuka', 'FEMALE', 'DariaShchuka@yandex.by', '375338647981', 'Daria', 'gkYVmhk76',
        '2023-05-22 21:40:11.559470', '2023-05-22 21:40:11.559470', false),
       (139, 'Ruby', 'Streater', 'MALE', 'rstreater0@aol.com', '375337091378', 'Andalax', 'bav3PoSYaFgN',
        '2023-05-23 16:36:59.920438', '2023-05-23 16:36:59.920438', false),
       (140, 'Ina', 'Izat', 'FEMALE', 'iizat1@abc.net.au', '375290760811', 'Hatity', 'yH1prYiix',
        '2023-05-23 16:46:51.375347', '2023-05-23 16:46:51.375347', false),
       (141, 'Madel', 'Prue', 'FEMALE', 'mprue2@prweb.com', '375259231859', 'Vagram', 'jqulXaqiJ0s',
        '2023-05-23 16:59:12.208333', '2023-05-23 16:59:12.208333', false),
       (143, 'Kathe', 'Wheelwright', 'FEMALE', 'kwheelwright3@google.com.br', '375447480300', 'Viva', '5JcpxuZ8',
        '2023-05-23 17:03:17.800740', '2023-05-23 17:03:17.800740', false),
       (147, 'Van', 'Shales', 'MALE', 'vshales0@cloudflare.com', '375292610204', 'Gembucket', 'qpaMvL',
        '2023-05-23 17:00:40.568570', '2023-05-23 17:00:40.568570', false),
       (148, 'Abagael', 'Trever', 'FEMALE', 'atrever1@wikimedia.org', '375295099772', 'Toughjoyfax', 'jIbPM1cPpEZ',
        '2023-05-23 17:00:40.591816', '2023-05-23 17:00:40.591816', false),
       (149, 'Marley', 'Kittley', 'FEMALE', 'mkittley2@netscape.com', '375298755323', 'Greenlam', 'MoDfiEO',
        '2023-05-23 17:00:40.613286', '2023-05-23 17:00:40.613286', false),
       (150, 'Ulberto', 'Ferrai', 'OTHER', 'uferrai3@google.co.uk', '375334783249', 'Kanlam', 'SxSb8FUEnpRl',
        '2023-05-23 17:00:40.631075', '2023-05-23 17:00:40.631075', false),
       (151, 'Pauly', 'Vogeler', 'MALE', 'pvogeler4@bizjournals.com', '375338515829', 'Tin', 'V7MUBE',
        '2023-05-23 17:00:40.647617', '2023-05-23 17:00:40.647617', false),
       (152, 'Shermie', 'Chivrall', 'MALE', 'schivrall5@uol.com.br', '375292946999', 'Subin', 'AF8PFY',
        '2023-05-23 17:00:40.664459', '2023-05-23 17:00:40.664459', false),
       (153, 'Virginia', 'Matveyev', 'FEMALE', 'vmatveyev6@goo.ne.jp', '375331055896', 'Namfix', 'HptRDMc3q',
        '2023-05-23 17:00:40.684272', '2023-05-23 17:00:40.684272', false),
       (154, 'Tammy', 'Nortunen', 'MALE', 'tnortunen7@myspace.com', '375291602400', 'Cardify', 'IssRDidhHiz',
        '2023-05-23 17:00:40.701317', '2023-05-23 17:00:40.701317', false),
       (155, 'Bree', 'Dumbleton', 'OTHER', 'bdumbleton8@msn.com', '375336485617', 'Stim', 'MVA1Tp1Tamdw',
        '2023-05-23 17:00:40.724784', '2023-05-23 17:00:40.724784', false),
       (156, 'Creighton', 'Turbill', 'OTHER', 'cturbill9@ocn.ne.jp', '375339648060', 'Sonair', 'JHTOHn',
        '2023-05-23 17:00:40.747114', '2023-05-23 17:00:40.747114', false),
       (157, 'Melly', 'Tebbitt', 'NOT_SELECTED', 'mtebbitta@godaddy.com', '375297682533', 'Bitchip', 'RQAMArCypot',
        '2023-05-23 17:00:40.763359', '2023-05-23 17:00:40.763359', false),
       (158, 'Lolly', 'Hebdon', 'FEMALE', 'lhebdonb@usatoday.com', '375291261922', 'Temp', 'tBDtyY',
        '2023-05-23 17:00:40.778630', '2023-05-23 17:00:40.778630', false),
       (159, 'Sher', 'Bogace', 'NOT_SELECTED', 'sbogacec@spotify.com', '375296615324', 'Solarbreeze', '126o6Gp',
        '2023-05-23 17:00:40.796195', '2023-05-23 17:00:40.796195', false),
       (160, 'Delia', 'O''Dyvoie', 'FEMALE', 'dodyvoied@twitter.com', '375334963890', 'Cardguard', 'E4Yd4MtDe',
        '2023-05-23 17:00:40.810357', '2023-05-23 17:00:40.810357', false),
       (161, 'Kevyn', 'Kennally', 'FEMALE', 'kkennallye@ebay.com', '375338538559', 'Keylex', 'GFrCq9k',
        '2023-05-23 17:00:40.825295', '2023-05-23 17:00:40.825295', false),
       (162, 'Chrystal', 'Seely', 'FEMALE', 'cseelyf@cocolog-nifty.com', '375297773330', 'Sonsing', '3fPjEC0DOR6q',
        '2023-05-23 17:00:40.843567', '2023-05-23 17:00:40.843567', false),
       (166, 'Zelig', 'Gasnoll', 'MALE', 'zgasnollj@tmall.com', '375333747249', 'Job', 'jUvYrZD',
        '2023-05-23 17:01:35.406634', '2023-05-23 17:01:35.406634', false),
       (168, 'Dorena', 'Raymont', 'NOT_SELECTED', 'draymontl@upenn.edu', '375254648894', 'Voltsillam', 'va7sB64TPk0',
        '2023-05-23 17:01:35.447920', '2023-05-23 17:01:35.447920', false),
       (169, 'Corny', 'Giacobilio', 'MALE', 'cgiacobiliom@jimdo.com', '375257755681', 'Tres-Zap', '1pn1wvIFKmpV',
        '2023-05-23 17:01:35.465725', '2023-05-23 17:01:35.465725', false),
       (171, 'Denna', 'Daveren', 'FEMALE', 'ddavereno@mtv.com', '375338159326', 'Overhold', 'gyrJ3pRG16kl',
        '2023-05-23 17:01:35.495861', '2023-05-23 17:01:35.495861', false),
       (172, 'Pierson', 'Riccio', 'MALE', 'pricciop@addtoany.com', '375294378882', 'Tempsoft', 'one1EnXKOGv7',
        '2023-05-23 17:01:35.506926', '2023-05-23 17:01:35.506926', false),
       (174, 'Blane', 'Lind', 'MALE', 'blindr@themeforest.net', '375446452750', 'Fintone', '4K5yqy',
        '2023-05-23 17:01:35.539323', '2023-05-23 17:01:35.539323', false),
       (175, 'Rene', 'Lusher', 'MALE', 'rlushers@pen.io', '375339169832', 'Y-Solowarm', 'p1y7RW',
        '2023-05-23 17:01:35.558122', '2023-05-23 17:01:35.558122', false),
       (177, 'Bernie', 'Skurm', 'MALE', 'bskurmu@goo.gl', '375296661282', 'Aerified', 'HOLTqfNjwITS',
        '2023-05-23 17:01:35.588814', '2023-05-23 17:01:35.588814', false),
       (178, 'Buddy', 'Ivanishin', 'MALE', 'bivanishinv@facebook.com', '375339287418', 'Alpha', '9ppHiEOuP',
        '2023-05-23 17:01:35.603509', '2023-05-23 17:01:35.603509', false),
       (180, 'Dorita', 'Keane', 'FEMALE', 'dkeanex@blogtalkradio.com', '375332423615', 'Domainer', 'PwcZNj',
        '2023-05-23 17:01:35.637249', '2023-05-23 17:01:35.637249', false),
       (181, 'Loralee', 'Apark', 'FEMALE', 'laparky@networkadvertising.org', '375257380510', 'Y-find', 'wdZ4xQv8',
        '2023-05-23 17:01:35.654431', '2023-05-23 17:01:35.654431', false),
       (182, 'Cilka', 'Stiffell', 'FEMALE', 'cstiffellz@google.nl', '375335939983', 'Konklux', 'FEzVZc9VEM',
        '2023-05-23 17:01:35.666613', '2023-05-23 17:01:35.666613', false),
       (184, 'Berget', 'Evamy', 'FEMALE', 'bevamy11@hp.com', '375298029229', 'Duobam', 'AIMTpjDn',
        '2023-05-23 17:01:35.700211', '2023-05-23 17:01:35.700211', false),
       (190, 'Karlotta', 'Legonidec', 'FEMALE', 'klegonidec17@deviantart.com', '375442878467', 'Bytecard',
        'EnDgvCvryhPO', '2023-05-23 17:01:35.804808', '2023-05-23 17:01:35.804808', false),
       (194, 'Eryn', 'Simmill', 'FEMALE', 'esimmill1b@sciencedaily.com', '375335309851', 'Pannier', '7aFXXzF',
        '2023-05-23 17:01:35.907968', '2023-05-23 17:01:35.907968', false),
       (195, 'Jimmie', 'Matiasek', 'MALE', 'jmatiasek1c@scribd.com', '375291137340', 'Stronghold', '6bHBmih8',
        '2023-05-23 17:01:35.922560', '2023-05-23 17:01:35.922560', false),
       (197, 'Ashli', 'Playfair', 'FEMALE', 'aplayfair1e@zdnet.com', '375295623172', 'Bitwolf', 'rwvuouiDC1A',
        '2023-05-23 17:01:35.965178', '2023-05-23 17:01:35.965178', false),
       (199, 'Roberto', 'Eyers', 'MALE', 'reyers1g@list-manage.com', '375299148123', 'Zathin', 'btnAlFscruZ',
        '2023-05-23 17:01:35.997697', '2023-05-23 17:01:35.997697', false),
       (200, 'Andras', 'Atwill', 'MALE', 'aatwill1h@pbs.org', '375293143018', 'Ventosanzap', 'QgdcbvC',
        '2023-05-23 17:01:36.016658', '2023-05-23 17:01:36.016658', false),
       (202, 'Silvie', 'Moodie', 'FEMALE', 'smoodie1j@auda.org.au', '375296202636', 'Matsoft', 'erj54KlkKmFb',
        '2023-05-23 17:01:36.046033', '2023-05-23 17:01:36.046033', false),
       (204, 'Charin', 'Tweedlie', 'FEMALE', 'ctweedlie1l@wp.com', '375299497230', 'Bamity', 'XKtPUk1wSY3',
        '2023-05-23 17:01:36.084728', '2023-05-23 17:01:36.084728', false),
       (205, 'Steffen', 'Stares', 'MALE', 'sstares1m@free.fr', '375295189691', 'Otcom', 'HJtoXdsbb4E',
        '2023-05-23 17:01:36.096485', '2023-05-23 17:01:36.096485', false),
       (206, 'Annmaria', 'Kilkenny', 'FEMALE', 'akilkenny1n@amazon.de', '375293304953', 'Regrant', 'OjsIS8g',
        '2023-05-23 17:01:36.114343', '2023-05-23 17:01:36.114343', false);

insert into public.user_balance (id, user_id, balance, created, changed, is_deleted)
values (1, 6, 50, '2023-04-25 14:47:19.204620', '2023-04-25 14:47:19.204620', false),
       (2, 3, 97, '2023-03-24 23:29:25.000000', '2023-05-18 16:48:43.311640', false),
       (3, 1, 50, '2023-03-24 23:29:28.000000', '2023-05-18 16:21:57.174991', false),
       (4, 2, 0, '2023-03-24 23:29:33.000000', '2023-03-24 23:29:56.000000', false),
       (5, 5, 0, '2023-03-24 23:29:30.000000', '2023-03-24 23:29:58.000000', false),
       (6, 4, 0, '2023-03-24 23:29:34.000000', '2023-05-14 19:22:33.807716', false),
       (7, 10, 3, '2023-03-24 23:29:37.000000', '2023-05-18 16:48:43.311640', false),
       (8, 13, 0, '2023-03-24 23:29:40.000000', '2023-03-24 23:30:03.000000', false),
       (10, 16, 0, '2023-03-24 23:29:42.000000', '2023-03-24 23:30:06.000000', false),
       (11, 17, 0, '2023-03-24 23:29:44.000000', '2023-03-24 23:30:08.000000', false),
       (13, 18, 0, '2023-03-24 23:29:48.000000', '2023-03-24 23:30:12.000000', false),
       (15, 32, 0, '2023-04-25 15:01:03.534424', '2023-04-25 15:01:03.534424', false),
       (16, 33, 0, '2023-04-25 15:01:10.248980', '2023-04-25 15:01:10.248980', false),
       (17, 34, 0, '2023-04-25 15:01:43.954795', '2023-04-25 15:01:43.954795', false),
       (18, 35, 0, '2023-04-25 15:01:43.968703', '2023-04-25 15:01:43.968703', false),
       (19, 36, 0, '2023-04-25 15:01:43.976381', '2023-04-25 15:01:43.976381', false),
       (20, 37, 80, '2023-04-25 15:01:43.983295', '2023-05-19 02:12:28.108318', false),
       (21, 38, 0, '2023-04-25 15:01:43.996099', '2023-04-25 15:01:43.996099', false),
       (22, 39, 0, '2023-04-25 15:01:44.004307', '2023-04-25 15:01:44.004307', false),
       (23, 40, 0, '2023-04-25 15:01:44.014194', '2023-04-25 15:01:44.014194', false),
       (24, 41, 0, '2023-04-25 15:01:44.023053', '2023-04-25 15:01:44.023053', false),
       (25, 42, 0, '2023-04-25 15:01:44.033991', '2023-04-25 15:01:44.033991', false),
       (26, 43, 0, '2023-04-25 15:01:44.043685', '2023-04-25 15:01:44.043685', false),
       (27, 44, 0, '2023-04-25 15:01:44.056576', '2023-04-25 15:01:44.056576', false),
       (28, 45, 0, '2023-04-25 15:01:44.063358', '2023-04-25 15:01:44.063358', false),
       (29, 46, 0, '2023-04-25 15:01:44.076039', '2023-04-25 15:01:44.076039', false),
       (30, 47, 0, '2023-04-25 15:01:44.083190', '2023-04-25 15:01:44.083190', false),
       (31, 48, 0, '2023-04-25 15:01:44.089352', '2023-04-25 15:01:44.089352', false),
       (32, 49, 0, '2023-04-25 15:01:44.095504', '2023-04-25 15:01:44.095504', false),
       (33, 50, 0, '2023-04-25 15:01:44.103012', '2023-04-25 15:01:44.103012', false),
       (34, 51, 0, '2023-04-25 15:01:44.108798', '2023-04-25 15:01:44.108798', false),
       (35, 52, 0, '2023-04-25 15:01:44.119211', '2023-04-25 15:01:44.119211', false),
       (36, 53, 0, '2023-04-25 15:01:44.126646', '2023-04-25 15:01:44.126646', false),
       (37, 54, 0, '2023-04-25 15:01:44.133611', '2023-04-25 15:01:44.133611', false),
       (38, 55, 0, '2023-04-25 15:01:44.141383', '2023-04-25 15:01:44.141383', false),
       (39, 56, 0, '2023-04-25 15:01:44.150198', '2023-04-25 15:01:44.150198', false),
       (40, 57, 0, '2023-04-25 15:01:44.156667', '2023-04-25 15:01:44.156667', false),
       (41, 58, 0, '2023-04-25 15:01:44.163150', '2023-04-25 15:01:44.163150', false),
       (42, 59, 0, '2023-04-25 15:01:44.168784', '2023-04-25 15:01:44.168784', false),
       (43, 60, 0, '2023-04-25 15:01:44.175745', '2023-04-25 15:01:44.175745', false),
       (44, 61, 0, '2023-04-25 15:01:44.182644', '2023-04-25 15:01:44.182644', false),
       (45, 62, 0, '2023-04-25 15:01:44.190826', '2023-04-25 15:01:44.190826', false),
       (46, 63, 0, '2023-04-25 15:01:44.203544', '2023-04-25 15:01:44.203544', false),
       (47, 64, 0, '2023-04-25 15:01:44.212825', '2023-04-25 15:01:44.212825', false),
       (48, 65, 0, '2023-04-25 15:01:44.222798', '2023-04-25 15:01:44.222798', false),
       (49, 66, 0, '2023-04-25 15:01:44.233177', '2023-04-25 15:01:44.233177', false),
       (50, 67, 0, '2023-04-25 15:01:44.241821', '2023-04-25 15:01:44.241821', false),
       (51, 68, 0, '2023-04-25 15:01:44.250186', '2023-04-25 15:01:44.250186', false),
       (52, 69, 0, '2023-04-25 15:01:44.257055', '2023-04-25 15:01:44.257055', false),
       (53, 70, 0, '2023-04-25 15:01:44.268335', '2023-04-25 15:01:44.268335', false),
       (54, 71, 0, '2023-04-25 15:01:44.276333', '2023-04-25 15:01:44.276333', false),
       (55, 72, 0, '2023-04-25 15:01:44.284427', '2023-04-25 15:01:44.284427', false),
       (56, 73, 0, '2023-04-25 15:01:44.291748', '2023-04-25 15:01:44.291748', false),
       (57, 74, 0, '2023-04-25 15:01:44.306365', '2023-04-25 15:01:44.306365', false),
       (58, 75, 0, '2023-04-25 15:01:44.317266', '2023-04-25 15:01:44.317266', false),
       (59, 76, 0, '2023-04-25 15:01:44.326752', '2023-04-25 15:01:44.326752', false),
       (60, 77, 0, '2023-04-25 15:01:44.335649', '2023-04-25 15:01:44.335649', false),
       (61, 78, 0, '2023-04-25 15:01:44.344194', '2023-04-25 15:01:44.344194', false),
       (62, 79, 0, '2023-04-25 15:01:44.351230', '2023-04-25 15:01:44.351230', false),
       (63, 80, 0, '2023-04-25 15:01:44.361008', '2023-04-25 15:01:44.361008', false),
       (64, 81, 0, '2023-04-25 15:01:44.370126', '2023-04-25 15:01:44.370126', false),
       (65, 82, 0, '2023-04-25 15:01:44.381990', '2023-04-25 15:01:44.381990', false),
       (66, 83, 0, '2023-04-25 15:01:44.389076', '2023-04-25 15:01:44.389076', false),
       (67, 84, 0, '2023-04-25 15:01:44.400644', '2023-04-25 15:01:44.400644', false),
       (68, 85, 0, '2023-04-25 15:01:44.409901', '2023-04-25 15:01:44.409901', false),
       (69, 86, 0, '2023-04-25 15:01:44.418611', '2023-04-25 15:01:44.418611', false),
       (70, 87, 0, '2023-04-25 15:01:44.429452', '2023-04-25 15:01:44.429452', false),
       (71, 88, 0, '2023-04-25 15:01:44.436715', '2023-04-25 15:01:44.436715', false),
       (72, 89, 0, '2023-04-25 15:01:44.449589', '2023-04-25 15:01:44.449589', false),
       (73, 90, 0, '2023-04-25 15:01:44.458192', '2023-04-25 15:01:44.458192', false),
       (74, 91, 0, '2023-04-25 15:01:44.465442', '2023-04-25 15:01:44.465442', false),
       (75, 92, 0, '2023-04-25 15:01:44.472996', '2023-04-25 15:01:44.472996', false),
       (76, 93, 0, '2023-04-25 15:01:44.480199', '2023-04-25 15:01:44.480199', false),
       (77, 94, 0, '2023-04-25 15:01:44.487053', '2023-04-25 15:01:44.487053', false),
       (78, 95, 0, '2023-04-25 15:01:44.497805', '2023-04-25 15:01:44.497805', false),
       (79, 96, 0, '2023-04-25 15:01:44.510026', '2023-04-25 15:01:44.510026', false),
       (80, 97, 0, '2023-04-25 15:01:44.523030', '2023-04-25 15:01:44.523030', false),
       (81, 98, 0, '2023-04-25 15:01:44.535115', '2023-04-25 15:01:44.535115', false),
       (82, 99, 0, '2023-04-25 15:01:44.543210', '2023-04-25 15:01:44.543210', false),
       (83, 100, 0, '2023-04-25 15:01:44.555084', '2023-04-25 15:01:44.555084', false),
       (84, 101, 0, '2023-04-25 15:01:44.563643', '2023-04-25 15:01:44.563643', false),
       (85, 102, 0, '2023-04-25 15:01:44.577329', '2023-04-25 15:01:44.577329', false),
       (86, 103, 0, '2023-04-25 15:01:44.592881', '2023-04-25 15:01:44.592881', false),
       (87, 104, 0, '2023-04-25 15:01:44.602709', '2023-04-25 15:01:44.602709', false),
       (88, 105, 0, '2023-04-25 15:01:44.609548', '2023-04-25 15:01:44.609548', false),
       (89, 106, 0, '2023-04-25 15:01:44.620175', '2023-04-25 15:01:44.620175', false),
       (90, 107, 0, '2023-04-25 15:01:44.632029', '2023-04-25 15:01:44.632029', false),
       (91, 108, 0, '2023-04-25 15:01:44.641676', '2023-04-25 15:01:44.641676', false),
       (92, 109, 0, '2023-04-25 15:01:44.651738', '2023-04-25 15:01:44.651738', false),
       (93, 110, 0, '2023-04-25 15:01:44.658128', '2023-04-25 15:01:44.658128', false),
       (94, 111, 0, '2023-04-25 15:01:44.666315', '2023-04-25 15:01:44.666315', false),
       (95, 112, 0, '2023-04-25 15:01:44.674610', '2023-04-25 15:01:44.674610', false),
       (96, 113, 0, '2023-04-25 15:01:44.680982', '2023-04-25 15:01:44.680982', false),
       (97, 114, 0, '2023-04-25 15:01:44.688444', '2023-04-25 15:01:44.688444', false),
       (98, 115, 0, '2023-04-25 15:01:44.694049', '2023-04-25 15:01:44.694049', false),
       (99, 116, 0, '2023-04-25 15:01:44.704503', '2023-04-25 15:01:44.704503', false),
       (100, 117, 0, '2023-04-25 15:01:44.713173', '2023-04-25 15:01:44.713173', false),
       (101, 118, 0, '2023-04-25 15:01:44.724829', '2023-04-25 15:01:44.724829', false),
       (102, 119, 0, '2023-04-25 15:01:44.738013', '2023-04-25 15:01:44.738013', false),
       (103, 120, 0, '2023-04-25 15:01:44.746315', '2023-04-25 15:01:44.746315', false),
       (104, 121, 0, '2023-04-25 15:01:44.753431', '2023-04-25 15:01:44.753431', false),
       (105, 122, 0, '2023-04-25 15:01:44.765022', '2023-04-25 15:01:44.765022', false),
       (106, 123, 0, '2023-04-25 15:01:44.775004', '2023-04-25 15:01:44.775004', false),
       (107, 124, 0, '2023-04-25 15:01:44.786168', '2023-04-25 15:01:44.786168', false),
       (108, 125, 0, '2023-04-25 15:01:44.803017', '2023-04-25 15:01:44.803017', false),
       (109, 126, 0, '2023-04-25 15:01:44.813346', '2023-04-25 15:01:44.813346', false),
       (110, 127, 0, '2023-04-25 15:01:44.826935', '2023-04-25 15:01:44.826935', false),
       (111, 128, 0, '2023-04-25 15:01:44.840512', '2023-04-25 15:01:44.840512', false),
       (112, 129, 0, '2023-04-25 15:01:44.855603', '2023-04-25 15:01:44.855603', false),
       (113, 130, 0, '2023-04-25 15:01:44.864443', '2023-04-25 15:01:44.864443', false),
       (114, 131, 0, '2023-05-08 21:53:50.642153', '2023-05-08 21:53:50.642153', false),
       (115, 133, 0, '2023-05-10 21:05:00.096545', '2023-05-10 21:05:00.096545', false),
       (116, 134, 0, '2023-05-21 01:02:58.704289', '2023-05-21 01:02:58.705287', false),
       (117, 135, 0, '2023-05-22 15:33:56.183147', '2023-05-22 15:33:56.183147', false),
       (118, 136, 0, '2023-05-22 21:21:16.618222', '2023-05-22 21:21:16.618222', false),
       (119, 138, 0, '2023-05-22 21:40:11.694897', '2023-05-22 21:40:11.694897', false),
       (120, 139, 0, '2023-05-23 16:37:00.072394', '2023-05-23 16:37:00.072394', false),
       (121, 140, 0, '2023-05-23 16:46:51.524064', '2023-05-23 16:46:51.524064', false),
       (122, 141, 0, '2023-05-23 16:59:12.342024', '2023-05-23 16:59:12.342024', false),
       (123, 143, 0, '2023-05-23 17:03:17.938532', '2023-05-23 17:03:17.938532', false),
       (124, 19, 0, '2023-05-23 18:15:18.884880', '2023-05-23 18:15:18.884880', false),
       (125, 174, 0, '2023-05-23 18:15:18.884880', '2023-05-23 18:15:18.884880', false),
       (126, 147, 0, '2023-05-23 18:15:18.884880', '2023-05-23 18:15:18.884880', false),
       (127, 148, 0, '2023-05-23 18:15:18.884880', '2023-05-23 18:15:18.884880', false),
       (128, 149, 0, '2023-05-23 18:15:18.884880', '2023-05-23 18:15:18.884880', false),
       (129, 150, 0, '2023-05-23 18:15:18.884880', '2023-05-23 18:15:18.884880', false),
       (130, 151, 0, '2023-05-23 18:15:18.884880', '2023-05-23 18:15:18.884880', false),
       (131, 152, 0, '2023-05-23 18:15:18.884880', '2023-05-23 18:15:18.884880', false),
       (132, 153, 0, '2023-05-23 18:15:18.884880', '2023-05-23 18:15:18.884880', false),
       (133, 154, 0, '2023-05-23 18:15:18.884880', '2023-05-23 18:15:18.884880', false),
       (134, 155, 0, '2023-05-23 18:15:18.884880', '2023-05-23 18:15:18.884880', false),
       (135, 156, 0, '2023-05-23 18:15:18.884880', '2023-05-23 18:15:18.884880', false),
       (136, 157, 0, '2023-05-23 18:15:18.884880', '2023-05-23 18:15:18.884880', false),
       (137, 158, 0, '2023-05-23 18:15:18.884880', '2023-05-23 18:15:18.884880', false),
       (138, 159, 0, '2023-05-23 18:15:18.884880', '2023-05-23 18:15:18.884880', false),
       (139, 160, 0, '2023-05-23 18:15:18.884880', '2023-05-23 18:15:18.884880', false),
       (140, 161, 0, '2023-05-23 18:15:18.884880', '2023-05-23 18:15:18.884880', false),
       (141, 162, 0, '2023-05-23 18:15:18.884880', '2023-05-23 18:15:18.884880', false),
       (142, 166, 0, '2023-05-23 18:15:18.884880', '2023-05-23 18:15:18.884880', false),
       (143, 168, 0, '2023-05-23 18:15:18.884880', '2023-05-23 18:15:18.884880', false),
       (144, 169, 0, '2023-05-23 18:15:18.884880', '2023-05-23 18:15:18.884880', false),
       (145, 171, 0, '2023-05-23 18:15:18.884880', '2023-05-23 18:15:18.884880', false),
       (146, 172, 0, '2023-05-23 18:15:18.884880', '2023-05-23 18:15:18.884880', false),
       (147, 175, 0, '2023-05-23 18:15:18.884880', '2023-05-23 18:15:18.884880', false),
       (148, 177, 0, '2023-05-23 18:15:18.884880', '2023-05-23 18:15:18.884880', false),
       (149, 178, 0, '2023-05-23 18:15:18.884880', '2023-05-23 18:15:18.884880', false),
       (150, 180, 0, '2023-05-23 18:15:18.884880', '2023-05-23 18:15:18.884880', false),
       (151, 181, 0, '2023-05-23 18:15:18.884880', '2023-05-23 18:15:18.884880', false),
       (152, 182, 0, '2023-05-23 18:15:18.884880', '2023-05-23 18:15:18.884880', false),
       (153, 184, 0, '2023-05-23 18:15:18.884880', '2023-05-23 18:15:18.884880', false),
       (154, 190, 0, '2023-05-23 18:15:18.884880', '2023-05-23 18:15:18.884880', false),
       (155, 194, 0, '2023-05-23 18:15:18.884880', '2023-05-23 18:15:18.884880', false),
       (156, 195, 0, '2023-05-23 18:15:18.884880', '2023-05-23 18:15:18.884880', false),
       (157, 197, 0, '2023-05-23 18:15:18.884880', '2023-05-23 18:15:18.884880', false),
       (158, 199, 0, '2023-05-23 18:15:18.884880', '2023-05-23 18:15:18.884880', false),
       (159, 200, 0, '2023-05-23 18:15:18.884880', '2023-05-23 18:15:18.884880', false),
       (160, 202, 0, '2023-05-23 18:15:18.884880', '2023-05-23 18:15:18.884880', false),
       (161, 204, 0, '2023-05-23 18:15:18.884880', '2023-05-23 18:15:18.884880', false),
       (162, 205, 0, '2023-05-23 18:15:18.884880', '2023-05-23 18:15:18.884880', false),
       (163, 206, 0, '2023-05-23 18:15:18.884880', '2023-05-23 18:15:18.884880', false);

insert into public.c_offer_status (id, status_name, created, changed, is_deleted)
values (1, 'ready for sale', '2023-03-02 11:30:53.000000', '2023-03-02 11:31:10.000000', false),
       (2, 'sold', '2023-03-02 11:31:25.000000', '2023-03-02 11:31:28.000000', false),
       (3, 'deleted', '2023-03-02 11:31:43.000000', '2023-03-02 11:31:45.000000', false),
       (4, 'booked', '2023-04-04 13:36:26.000000', '2023-04-04 13:36:29.000000', false);

insert into public.c_product_categories (id, category_name, created, changed, is_deleted)
values (1, 'repair and construction', '2022-03-02 13:38:36.000000', '2022-03-02 13:39:09.000000', false),
       (2, 'furniture', '2022-03-02 13:45:09.000000', '2022-03-02 13:45:18.000000', false),
       (3, 'hobbies', '2022-03-02 13:45:42.000000', '2022-03-02 13:45:45.000000', false),
       (4, 'sports', '2022-03-02 13:46:00.000000', '2022-03-02 13:46:09.000000', false),
       (5, 'for children', '2022-03-02 13:46:39.000000', '2022-03-02 13:46:43.000000', false),
       (6, 'women''s clothes', '2022-03-02 13:47:26.000000', '2022-03-02 13:47:30.000000', false),
       (7, 'men''s clothes', '2022-03-02 13:47:49.000000', '2022-03-02 13:47:54.000000', false),
       (8, 'animals', '2022-03-02 13:48:21.000000', '2022-03-02 13:48:27.000000', false),
       (9, 'electronics', '2022-03-02 13:48:50.000000', '2022-03-02 13:48:54.000000', false),
       (10, 'garden', '2022-03-02 13:49:11.000000', '2022-03-02 13:49:14.000000', false),
       (11, 'beauty and health', '2022-03-02 13:49:37.000000', '2022-03-02 13:49:40.000000', false),
       (12, 'phones', '2022-03-02 13:50:02.000000', '2022-03-02 13:50:12.000000', false),
       (13, 'computers', '2022-03-02 13:50:39.000000', '2022-03-02 13:50:43.000000', false),
       (14, 'household appliances', '2022-03-02 13:52:00.000000', '2022-03-02 13:52:04.000000', false),
       (15, 'tableware', '2022-03-02 13:52:34.000000', '2022-03-02 13:52:37.000000', false),
       (16, 'houseplants', '2022-03-02 13:53:12.000000', '2022-03-02 13:53:15.000000', false),
       (17, 'interior items', '2022-03-02 13:53:44.000000', '2022-03-02 13:53:47.000000', false),
       (18, 'other', '2022-03-02 13:54:17.000000', '2022-03-02 13:54:20.000000', false);

insert into public.c_product_conditions (id, condition_name, created, changed, is_deleted)
values (3, 'any', '2022-03-02 11:37:12.000000', '2022-03-02 11:37:15.000000', false),
       (2, 'used', '2022-03-02 11:36:58.000000', '2022-03-02 11:37:01.000000', false),
       (1, 'new', '2022-03-02 11:36:40.000000', '2022-03-02 11:36:42.000000', false);

insert into public.purchase_offers (id, seller_id, customer_id, status_id, product_name, product_category_id,
                                    product_condition_id, price, created, changed, is_deleted)
values (1, 3, 1, 2, 'In the Tall Grass by Stephen King', 3, 2, 8, '2022-05-02 14:24:36.000000',
        '2022-05-06 14:25:01.000000', false),
       (5, 16, 18, 2, 'SSD, HDD', 13, 1, 280, '2023-03-22 20:43:50.535964', '2023-03-22 20:43:50.536961', false),
       (2, 2, 13, 2, 'Ficus Benjamina', 16, 3, 18, '2022-04-27 14:32:15.000000', '2023-03-22 21:19:58.080569', false),
       (7, 16, 2, 2, 'Manga Naruto 1 volume', 3, 1, 15, '2023-03-27 20:48:35.216668', '2023-03-27 21:12:02.934018',
        false),
       (8, 3, null, 1, 'Screen for PC', 13, 2, 175, '2023-03-27 20:59:48.136925', '2023-03-29 22:21:11.610298', false),
       (9, 45, null, 1, 'Pink cup', 15, 1, 5, '2023-04-25 18:50:42.000000', '2023-04-25 18:50:45.000000', false),
       (11, 119, null, 1, 'Sport bottle (blue)', 4, 1, 20, '2023-04-25 18:57:49.000000', '2023-04-25 18:57:54.000000',
        false),
       (12, 38, null, 1, 'Homemade candle 200ml sandalwood', 17, 1, 25, '2023-03-17 22:06:20.077950',
        '2023-03-17 22:06:20.077950', false),
       (13, 38, null, 1, 'Homemade candle 500ml camellia', 17, 1, 45, '2023-03-17 23:00:20.077950',
        '2023-03-17 23:00:20.077950', false),
       (14, 38, null, 1, 'Homemade candle 150ml chocolate', 17, 1, 15, '2023-03-17 23:06:20.077950',
        '2023-03-17 23:06:20.077950', false),
       (15, 34, 49, 2, 'Sheets 230x250 sm', 17, 1, 16, '2023-03-17 23:06:20.077950', '2023-03-17 23:06:20.077950',
        false),
       (16, 2, 56, 2, 'Picture 40x50 sm', 17, 1, 60, '2023-03-17 23:06:20.077950', '2023-03-17 23:06:20.077950', false),
       (17, 80, null, 1, 'Iron Tefal SV8020E1', 14, 2, 500, '2023-04-17 23:06:20.077950', '2023-04-17 23:06:20.077950',
        false),
       (18, 67, null, 1, 'Xiaomi Redmi Note 8 pro', 12, 2, 450, '2023-03-17 23:06:20.077950',
        '2023-03-17 23:06:20.077950', false),
       (19, 77, 72, 2, 'Innisfree Sunscreen SPF 50+ PA++++', 11, 1, 25, '2023-03-17 23:06:20.077950',
        '2023-03-17 23:06:20.077950', false),
       (20, 77, 72, 2, 'Innisfree Rebalancing 5.5 cleanser', 11, 1, 10, '2023-03-17 23:06:20.077950',
        '2023-03-17 23:06:20.077950', false),
       (21, 92, null, 4, 'Homemade flower candle', 17, 1, 15, '2023-03-17 23:06:20.077950',
        '2023-03-17 23:06:20.077950', false),
       (22, 109, null, 3, 'Head First Object-Oriented Analysis Design', 3, 1, 25, '2023-03-17 23:06:20.077950',
        '2023-03-17 23:06:20.077950', false),
       (23, 98, 1, 2, 'Java: The Complete Reference, Eleventh Edition', 3, 1, 80, '2023-03-10 11:06:20.077950',
        '2023-03-17 23:06:20.077950', false),
       (24, 130, null, 1, 'Chaise lounge chair', 2, 1, 130, '2023-03-17 23:06:20.077950', '2023-03-17 23:06:20.077950',
        false),
       (25, 120, null, 1, 'Grinder Bosch EasySander 12', 14, 2, 150, '2023-03-17 23:06:20.077950',
        '2023-03-17 23:06:20.077950', false),
       (26, 103, null, 1, 'WASHING MACHINE Samsung', 14, 2, 490, '2023-03-17 23:06:20.077950',
        '2023-03-17 23:06:20.077950', false),
       (27, 115, null, 1, 'Redmi Airdots 2 Wireless Bluetooth Headphones', 9, 1, 30, '2023-03-17 23:06:20.077950',
        '2023-03-17 23:06:20.077950', false),
       (28, 110, null, 1, 'Wireless BEACH Bluetooth speaker', 9, 1, 50, '2023-03-17 23:06:20.077950',
        '2023-03-17 23:06:20.077950', false),
       (29, 110, null, 1, 'God tree (wormwood)', 10, 1, 15, '2023-03-17 23:06:20.077950', '2023-03-17 23:06:20.077950',
        false),
       (30, 99, 74, 1, 'Feeding chair/swing Caretero Indi', 5, 2, 250, '2023-03-17 23:06:20.077950',
        '2023-04-17 11:06:20.077950', false),
       (31, 110, null, 1, 'Gas silicate blocks with delivery', 1, 1, 132, '2023-03-17 23:06:20.077950',
        '2023-03-17 23:06:20.077950', false),
       (32, 87, null, 1, 'Savage windbreaker jacket', 7, 2, 17, '2023-03-17 23:06:20.077950',
        '2023-03-17 23:06:20.077950', false),
       (33, 67, null, 1, 'Tomatoes. Peppers. Jerusalem artichoke', 10, 1, 0.8, '2023-03-17 23:06:20.077950',
        '2023-03-17 23:06:20.077950', false),
       (34, 81, null, 1, 'Set for barbecue and grill in a suitcase Royal 10 Kizlyar', 18, 1, 360,
        '2023-03-17 23:06:20.077950', '2023-03-17 23:06:20.077950', false),
       (35, 87, null, 1, 'Jean Paul Gaultier Le Beau 2 ml effluent eau de toilette', 11, 1, 13,
        '2023-03-17 23:06:20.077950', '2023-03-17 23:06:20.077950', false),
       (36, 90, null, 1, 'Byredo De Los Santos 15 ml', 11, 1, 84.4, '2023-03-17 23:06:20.077950',
        '2023-03-17 23:06:20.077950', false),
       (39, 34, 49, 2, 'Planet maket', 18, 1, 15, '2023-05-12 19:49:28.874501', '2023-05-12 19:49:28.874501', false),
       (10, 19, 48, 2, 'T-Shirt zara', 6, 2, 10, '2023-04-25 18:52:26.000000', '2023-05-12 19:52:08.649310', false),
       (45, 3, 2, 2, 'Smart Watch with Heart Rate Monitor', 3, 2, 54.32, '2023-05-23 17:59:33.257084',
        '2023-05-23 17:59:33.257084', false),
       (43, 1, 94, 2, 'Wireless Bluetooth Earbuds', 11, 1, 54.32, '2023-05-23 17:59:33.223404',
        '2023-05-23 17:59:33.223404', false),
       (44, 37, 2, 2, 'Laptop Sleeve Case', 18, 2, 54.32, '2023-05-23 17:59:33.241703', '2023-05-23 17:59:33.241703',
        false),
       (37, 75, 68, 2, 'The book table is narrow, only 8 cm', 2, 2, 145, '2023-01-03 23:06:20.077950',
        '2023-02-17 23:06:20.077950', false),
       (48, 6, null, 1, 'Fitness Tracker Bracelet', 4, 1, 54.32, '2023-05-23 17:59:33.291596',
        '2023-05-23 17:59:33.291596', false),
       (47, 5, 16, 2, 'Reusable Water Bottle', 15, 1, 54.32, '2023-05-23 17:59:33.278828', '2023-05-23 17:59:33.278828',
        false),
       (46, 4, 47, 2, 'Portable Power Bank Charger', 1, 2, 54.32, '2023-05-23 17:59:33.268227',
        '2023-05-23 17:59:33.268227', false),
       (40, 1, null, 1, 'Mirror 40cm', 17, 1, 80, '2023-05-22 15:27:52.074559', '2023-05-22 15:27:52.074559', false),
       (41, 135, null, 1, 'Dumbbells 3kg', 4, 2, 10, '2023-05-22 15:36:46.605830', '2023-05-22 15:36:46.605830', false),
       (42, 136, null, 1, 'Spring Boot book', 3, 1, 45, '2023-05-22 21:26:01.799540', '2023-05-22 21:26:01.799540',
        false),
       (83, 143, 42, 2, 'Wireless Charging Desk Lamp', 4, 1, 20, '2023-05-23 18:07:08.400976',
        '2023-05-23 18:07:08.400976', false),
       (99, 39, null, 1, 'White, Riesling, Henry Of', 3, 1, 54.32, '2023-05-23 18:07:08.736119',
        '2023-05-23 18:07:08.736119', false),
       (64, 39, null, 1, 'Adjustable Laptop Stand', 18, 1, 123, '2023-05-23 18:07:08.068846',
        '2023-05-23 18:07:08.068846', false),
       (56, 3, 87, 2, 'Wireless Charging Pad for Phones', 3, 1, 54.32, '2023-05-23 18:07:03.658884',
        '2023-05-23 18:07:03.658884', false),
       (55, 39, null, 1, 'Massage Gun for Muscle Recovery', 18, 2, 54.32, '2023-05-23 18:07:03.651082',
        '2023-05-23 18:07:03.651082', false),
       (51, 1, 156, 2, 'Digital Camera with High Resolution', 3, 1, 54.32, '2023-05-23 18:07:03.605360',
        '2023-05-23 18:07:03.605360', false),
       (67, 39, null, 1, 'Smart Thermostat for Home', 9, 1, 20, '2023-05-23 18:07:08.110955',
        '2023-05-23 18:07:08.110955', false),
       (98, 39, 57, 2, 'Tomatoes', 10, 1, 20, '2023-05-23 18:07:08.713006', '2023-05-23 18:07:08.713006', false),
       (96, 53, 55, 2, 'Handmade bread', 15, 1, 5.5, '2023-05-23 18:07:08.678882', '2023-05-23 18:07:08.678882', false),
       (50, 32, 156, 2, 'Gaming Mouse and Keyboard Set', 9, 1, 54.32, '2023-05-23 18:07:03.570848',
        '2023-05-23 18:07:03.570848', false),
       (74, 39, null, 1, 'Wireless Charging Mouse Pad', 6, 1, 5.5, '2023-05-23 18:07:08.250193',
        '2023-05-23 18:07:08.250193', false),
       (62, 1, 76, 2, 'Portable Mini Projector', 3, 2, 54.32, '2023-05-23 18:07:08.034657',
        '2023-05-23 18:07:08.034657', false),
       (58, 43, 64, 2, 'Bluetooth Speaker with Built-in Mic', 3, 2, 54.32, '2023-05-23 18:07:07.954478',
        '2023-05-23 18:07:07.954478', false),
       (54, 1, 35, 2, 'Yoga Mat and Bag Set', 4, 1, 54.32, '2023-05-23 18:07:03.642162', '2023-05-23 18:07:03.642162',
        false),
       (78, 39, 37, 2, 'Electric Griddle for Pancakes and Eggs', 2, 1, 5.5, '2023-05-23 18:07:08.322524',
        '2023-05-23 18:07:08.322524', false),
       (100, 39, 59, 2, 'Sour Batard', 4, 1, 54.32, '2023-05-23 18:07:08.778424', '2023-05-23 18:07:08.778424', false),
       (65, 39, 43, 2, 'Electric Blanket for Winter', 7, 2, 75, '2023-05-23 18:07:08.084681',
        '2023-05-23 18:07:08.084681', false),
       (66, 39, 90, 2, 'Handheld Vacuum Cleaner', 18, 2, 20, '2023-05-23 18:07:08.101019', '2023-05-23 18:07:08.101019',
        false),
       (71, 39, 152, 2, 'Hair Dryer with Diffuser', 18, 1, 123, '2023-05-23 18:07:08.172703',
        '2023-05-23 18:07:08.172703', false),
       (68, 1, 43, 2, 'Foldable Treadmill for Home Gym', 7, 1, 5.5, '2023-05-23 18:07:08.123284',
        '2023-05-23 18:07:08.123284', false),
       (69, 39, 98, 2, 'Portable Car Jump Starter', 4, 2, 14.75, '2023-05-23 18:07:08.144436',
        '2023-05-23 18:07:08.144436', false),
       (90, 39, 49, 2, 'Electric Massager for Neck and Back', 18, 2, 14.75, '2023-05-23 18:07:08.521815',
        '2023-05-23 18:07:08.521815', false),
       (91, 39, 152, 2, 'Digital Drawing Tablet for Artists', 3, 1, 75, '2023-05-23 18:07:08.544990',
        '2023-05-23 18:07:08.544990', false),
       (59, 39, null, 1, 'Electric Kettle for Tea and Coffee', 1, 2, 54.32, '2023-05-23 18:07:07.986399',
        '2023-05-23 18:07:07.986399', false),
       (94, 143, 53, 2, 'Xiaomi lamp 75', 3, 1, 75, '2023-05-23 18:07:08.624367', '2023-05-23 18:07:08.624367', false),
       (95, 39, 54, 2, 'Handmade soaps', 17, 2, 20, '2023-05-23 18:07:08.651358', '2023-05-23 18:07:08.651358', false),
       (60, 39, 18, 2, 'Electric Pressure Cooker', 18, 2, 54.32, '2023-05-23 18:07:08.012438',
        '2023-05-23 18:07:08.012438', false),
       (87, 152, 46, 2, 'Smart Garage Door Opener', 18, 1, 14.75, '2023-05-23 18:07:08.480262',
        '2023-05-23 18:07:08.480262', false),
       (76, 152, null, 1, 'Digital Kitchen Scale', 18, 1, 14.75, '2023-05-23 18:07:08.295581',
        '2023-05-23 18:07:08.295581', false),
       (63, 39, 43, 2, 'Selfie Ring Light for Phone', 11, 1, 123, '2023-05-23 18:07:08.052402',
        '2023-05-23 18:07:08.052402', false),
       (61, 10, 156, 2, 'Air Fryer for Healthy Cooking', 7, 1, 54.32, '2023-05-23 18:07:08.023848',
        '2023-05-23 18:07:08.023848', false),
       (75, 1, 34, 2, 'Electric Wine Bottle Opener', 1, 2, 20, '2023-05-23 18:07:08.273747',
        '2023-05-23 18:07:08.273747', false),
       (73, 39, 152, 2, 'Waterproof Bluetooth Speaker', 18, 2, 14.75, '2023-05-23 18:07:08.224502',
        '2023-05-23 18:07:08.224502', false),
       (77, 39, null, 1, 'Smart Bathroom Scale with App', 4, 1, 75, '2023-05-23 18:07:08.305422',
        '2023-05-23 18:07:08.305422', false),
       (97, 67, 56, 2, 'Potatoes 10kg', 10, 1, 14.75, '2023-05-23 18:07:08.695656', '2023-05-23 18:07:08.695656',
        false),
       (52, 156, 10, 2, 'Electric Hair Clippers', 18, 1, 54.32, '2023-05-23 18:07:03.616674',
        '2023-05-23 18:07:03.616674', false),
       (79, 39, null, 1, 'Wall-Mounted Electric Fireplace', 2, 2, 14.75, '2023-05-23 18:07:08.345677',
        '2023-05-23 18:07:08.345677', false),
       (53, 10, 156, 2, 'Electric Toothbrush with Timer ', 11, 2, 54.32, '2023-05-23 18:07:03.633537',
        '2023-05-23 18:07:03.633537', false),
       (89, 39, null, 1, 'Smart Water Bottle with Reminder', 3, 2, 14.75, '2023-05-23 18:07:08.514658',
        '2023-05-23 18:07:08.514658', false),
       (70, 39, null, 1, 'Wireless Gaming Controller', 3, 2, 14.75, '2023-05-23 18:07:08.161640',
        '2023-05-23 18:07:08.161640', false),
       (84, 98, 43, 2, 'Electric Air Purifier', 3, 1, 75, '2023-05-23 18:07:08.430340', '2023-05-23 18:07:08.430340',
        false),
       (85, 2, 44, 2, 'Bluetooth FM Transmitter for Car', 18, 1, 20, '2023-05-23 18:07:08.450732',
        '2023-05-23 18:07:08.450732', false),
       (86, 143, 45, 2, 'Digital Alarm Clock with Display', 4, 2, 123, '2023-05-23 18:07:08.463660',
        '2023-05-23 18:07:08.463660', false),
       (92, 47, 51, 2, 'Hand cream', 18, 2, 123, '2023-05-23 18:07:08.572013', '2023-05-23 18:07:08.572013', false),
       (82, 152, 41, 2, 'Smart Lock for Home Security', 18, 2, 20, '2023-05-23 18:07:08.379391',
        '2023-05-23 18:07:08.379391', false),
       (80, 39, null, 1, 'High-Speed USB Flash Drive', 18, 2, 54.32, '2023-05-23 18:07:08.353845',
        '2023-05-23 18:07:08.353845', false),
       (93, 39, null, 1, 'Wood constructor', 18, 2, 54.32, '2023-05-23 18:07:08.598001', '2023-05-23 18:07:08.598001',
        false);

insert into public.c_payment_type (id, type, created, changed, is_deleted)
values  (1, 'by card', '2022-03-02 11:40:41.000000', '2022-03-02 11:40:42.000000', false),
        (3, 'digital wallet', '2022-03-02 11:41:26.000000', '2022-03-02 11:41:28.000000', false),
        (2, 'by cash', '2022-03-02 11:40:56.000000', '2022-03-02 11:40:58.000000', false),
        (4, 'by mobile phone', '2022-03-02 11:41:55.000000', '2022-03-02 11:41:57.000000', false);

insert into public.payments (id, offer_id, payment_type_id, created, changed, is_deleted)
values  (1, 1, 1, '2023-05-18 14:28:58.121915', '2023-05-18 14:28:58.121915', false),
        (2, 5, 2, '2023-05-18 14:27:34.374201', '2023-05-18 14:27:34.374201', false),
        (3, 19, 2, '2023-04-28 14:56:15.954484', '2023-04-28 14:56:15.954484', false),
        (4, 20, 2, '2023-04-28 14:56:15.966288', '2023-04-28 14:56:15.966288', false),
        (5, 23, 2, '2023-04-28 14:59:49.011053', '2023-04-28 14:59:49.011053', false),
        (6, 39, 2, '2023-05-12 19:49:28.909403', '2023-05-12 19:49:28.909403', false),
        (33, 1, 3, '2023-05-23 19:09:58.772195', '2023-05-23 19:09:58.772195', false),
        (34, 5, 3, '2023-05-23 19:09:58.772195', '2023-05-23 19:09:58.772195', false),
        (35, 2, 3, '2023-05-23 19:09:58.772195', '2023-05-23 19:09:58.772195', false),
        (36, 7, 3, '2023-05-23 19:09:58.772195', '2023-05-23 19:09:58.772195', false),
        (37, 15, 3, '2023-05-23 19:09:58.772195', '2023-05-23 19:09:58.772195', false),
        (38, 16, 3, '2023-05-23 19:09:58.772195', '2023-05-23 19:09:58.772195', false),
        (39, 19, 3, '2023-05-23 19:09:58.772195', '2023-05-23 19:09:58.772195', false),
        (40, 20, 3, '2023-05-23 19:09:58.772195', '2023-05-23 19:09:58.772195', false),
        (41, 23, 3, '2023-05-23 19:09:58.772195', '2023-05-23 19:09:58.772195', false),
        (42, 39, 3, '2023-05-23 19:09:58.772195', '2023-05-23 19:09:58.772195', false),
        (43, 10, 3, '2023-05-23 19:09:58.772195', '2023-05-23 19:09:58.772195', false),
        (44, 45, 3, '2023-05-23 19:09:58.772195', '2023-05-23 19:09:58.772195', false),
        (45, 43, 3, '2023-05-23 19:09:58.772195', '2023-05-23 19:09:58.772195', false),
        (46, 44, 3, '2023-05-23 19:09:58.772195', '2023-05-23 19:09:58.772195', false),
        (47, 37, 3, '2023-05-23 19:09:58.772195', '2023-05-23 19:09:58.772195', false),
        (48, 47, 3, '2023-05-23 19:09:58.772195', '2023-05-23 19:09:58.772195', false),
        (49, 46, 3, '2023-05-23 19:09:58.772195', '2023-05-23 19:09:58.772195', false),
        (50, 83, 3, '2023-05-23 19:09:58.772195', '2023-05-23 19:09:58.772195', false),
        (51, 56, 3, '2023-05-23 19:09:58.772195', '2023-05-23 19:09:58.772195', false),
        (52, 51, 3, '2023-05-23 19:09:58.772195', '2023-05-23 19:09:58.772195', false),
        (53, 98, 3, '2023-05-23 19:09:58.772195', '2023-05-23 19:09:58.772195', false),
        (54, 96, 3, '2023-05-23 19:09:58.772195', '2023-05-23 19:09:58.772195', false),
        (55, 50, 3, '2023-05-23 19:09:58.772195', '2023-05-23 19:09:58.772195', false),
        (56, 62, 3, '2023-05-23 19:09:58.772195', '2023-05-23 19:09:58.772195', false),
        (57, 58, 3, '2023-05-23 19:09:58.772195', '2023-05-23 19:09:58.772195', false),
        (58, 54, 3, '2023-05-23 19:09:58.772195', '2023-05-23 19:09:58.772195', false),
        (59, 78, 3, '2023-05-23 19:09:58.772195', '2023-05-23 19:09:58.772195', false),
        (60, 100, 3, '2023-05-23 19:09:58.772195', '2023-05-23 19:09:58.772195', false),
        (61, 65, 3, '2023-05-23 19:09:58.772195', '2023-05-23 19:09:58.772195', false),
        (62, 66, 3, '2023-05-23 19:09:58.772195', '2023-05-23 19:09:58.772195', false),
        (63, 71, 3, '2023-05-23 19:09:58.772195', '2023-05-23 19:09:58.772195', false),
        (64, 68, 3, '2023-05-23 19:09:58.772195', '2023-05-23 19:09:58.772195', false),
        (65, 69, 3, '2023-05-23 19:09:58.772195', '2023-05-23 19:09:58.772195', false),
        (66, 90, 3, '2023-05-23 19:09:58.772195', '2023-05-23 19:09:58.772195', false),
        (67, 91, 3, '2023-05-23 19:09:58.772195', '2023-05-23 19:09:58.772195', false),
        (68, 94, 3, '2023-05-23 19:09:58.772195', '2023-05-23 19:09:58.772195', false),
        (69, 95, 3, '2023-05-23 19:09:58.772195', '2023-05-23 19:09:58.772195', false),
        (70, 60, 3, '2023-05-23 19:09:58.772195', '2023-05-23 19:09:58.772195', false),
        (71, 87, 3, '2023-05-23 19:09:58.772195', '2023-05-23 19:09:58.772195', false),
        (72, 63, 3, '2023-05-23 19:09:58.772195', '2023-05-23 19:09:58.772195', false),
        (73, 61, 3, '2023-05-23 19:09:58.772195', '2023-05-23 19:09:58.772195', false),
        (74, 75, 3, '2023-05-23 19:09:58.772195', '2023-05-23 19:09:58.772195', false),
        (75, 73, 3, '2023-05-23 19:09:58.772195', '2023-05-23 19:09:58.772195', false),
        (76, 97, 3, '2023-05-23 19:09:58.772195', '2023-05-23 19:09:58.772195', false),
        (77, 52, 3, '2023-05-23 19:09:58.772195', '2023-05-23 19:09:58.772195', false),
        (78, 53, 3, '2023-05-23 19:09:58.772195', '2023-05-23 19:09:58.772195', false),
        (79, 84, 3, '2023-05-23 19:09:58.772195', '2023-05-23 19:09:58.772195', false),
        (80, 85, 3, '2023-05-23 19:09:58.772195', '2023-05-23 19:09:58.772195', false),
        (81, 86, 3, '2023-05-23 19:09:58.772195', '2023-05-23 19:09:58.772195', false),
        (82, 92, 3, '2023-05-23 19:09:58.772195', '2023-05-23 19:09:58.772195', false),
        (83, 82, 3, '2023-05-23 19:09:58.772195', '2023-05-23 19:09:58.772195', false);

insert into public.roles (id, role_name, created, changed, is_deleted)
values  (1, 'ADMIN', '2023-05-08 21:52:24.000000', '2023-05-08 21:52:26.000000', false),
        (2, 'USER', '2023-05-08 21:52:46.000000', '2023-05-08 21:52:49.000000', false),
        (3, 'MODERATOR', '2023-05-08 21:53:01.000000', '2023-05-08 21:53:02.000000', false);

insert into public.l_users_roles (id, user_id, role_id, created, changed, is_deleted)
values  (1, 131, 2, '2023-05-08 21:53:50.642153', '2023-05-08 21:53:50.642153', false),
        (5, 1, 1, '2023-05-08 21:55:17.405492', '2023-05-08 21:55:17.405492', false),
        (6, 1, 2, '2023-05-08 21:55:17.405492', '2023-05-08 21:55:17.405492', false),
        (7, 1, 3, '2023-05-08 21:55:17.405492', '2023-05-08 21:55:17.405492', false),
        (8, 133, 2, '2023-05-10 21:05:00.096545', '2023-05-10 21:05:00.096545', false),
        (9, 134, 2, '2023-05-21 01:02:58.494392', '2023-05-21 01:02:58.494392', false),
        (10, 135, 2, '2023-05-22 15:33:56.121686', '2023-05-22 15:33:56.121686', false),
        (11, 136, 2, '2023-05-22 21:21:16.534995', '2023-05-22 21:21:16.534995', false),
        (12, 138, 2, '2023-05-22 21:40:11.617727', '2023-05-22 21:40:11.617727', false),
        (13, 139, 2, '2023-05-23 16:36:59.984381', '2023-05-23 16:36:59.984381', false),
        (14, 140, 2, '2023-05-23 16:46:51.439750', '2023-05-23 16:46:51.439750', false),
        (15, 141, 2, '2023-05-23 16:59:12.266472', '2023-05-23 16:59:12.266472', false),
        (16, 143, 2, '2023-05-23 17:03:17.858904', '2023-05-23 17:03:17.858904', false),
        (17, 36, 2, '2023-05-23 18:40:06.247467', '2023-05-23 18:40:06.247467', false),
        (18, 37, 2, '2023-05-23 18:40:06.247467', '2023-05-23 18:40:06.247467', false),
        (19, 38, 2, '2023-05-23 18:40:06.247467', '2023-05-23 18:40:06.247467', false),
        (20, 40, 2, '2023-05-23 18:40:06.247467', '2023-05-23 18:40:06.247467', false),
        (21, 41, 2, '2023-05-23 18:40:06.247467', '2023-05-23 18:40:06.247467', false),
        (22, 42, 2, '2023-05-23 18:40:06.247467', '2023-05-23 18:40:06.247467', false),
        (23, 43, 2, '2023-05-23 18:40:06.247467', '2023-05-23 18:40:06.247467', false),
        (24, 44, 2, '2023-05-23 18:40:06.247467', '2023-05-23 18:40:06.247467', false),
        (25, 45, 2, '2023-05-23 18:40:06.247467', '2023-05-23 18:40:06.247467', false),
        (26, 46, 2, '2023-05-23 18:40:06.247467', '2023-05-23 18:40:06.247467', false),
        (27, 3, 2, '2023-05-23 18:40:06.247467', '2023-05-23 18:40:06.247467', false),
        (28, 2, 2, '2023-05-23 18:40:06.247467', '2023-05-23 18:40:06.247467', false),
        (29, 5, 2, '2023-05-23 18:40:06.247467', '2023-05-23 18:40:06.247467', false),
        (30, 10, 2, '2023-05-23 18:40:06.247467', '2023-05-23 18:40:06.247467', false),
        (31, 13, 2, '2023-05-23 18:40:06.247467', '2023-05-23 18:40:06.247467', false),
        (32, 16, 2, '2023-05-23 18:40:06.247467', '2023-05-23 18:40:06.247467', false),
        (33, 18, 2, '2023-05-23 18:40:06.247467', '2023-05-23 18:40:06.247467', false),
        (34, 19, 2, '2023-05-23 18:40:06.247467', '2023-05-23 18:40:06.247467', false),
        (35, 48, 2, '2023-05-23 18:40:06.247467', '2023-05-23 18:40:06.247467', false),
        (36, 49, 2, '2023-05-23 18:40:06.247467', '2023-05-23 18:40:06.247467', false),
        (37, 50, 2, '2023-05-23 18:40:06.247467', '2023-05-23 18:40:06.247467', false),
        (38, 51, 2, '2023-05-23 18:40:06.247467', '2023-05-23 18:40:06.247467', false),
        (39, 6, 2, '2023-05-23 18:40:06.247467', '2023-05-23 18:40:06.247467', false),
        (40, 53, 2, '2023-05-23 18:40:06.247467', '2023-05-23 18:40:06.247467', false),
        (41, 54, 2, '2023-05-23 18:40:06.247467', '2023-05-23 18:40:06.247467', false),
        (42, 56, 2, '2023-05-23 18:40:06.247467', '2023-05-23 18:40:06.247467', false),
        (43, 57, 2, '2023-05-23 18:40:06.247467', '2023-05-23 18:40:06.247467', false),
        (44, 58, 2, '2023-05-23 18:40:06.247467', '2023-05-23 18:40:06.247467', false),
        (45, 59, 2, '2023-05-23 18:40:06.247467', '2023-05-23 18:40:06.247467', false),
        (46, 60, 2, '2023-05-23 18:40:06.247467', '2023-05-23 18:40:06.247467', false),
        (47, 61, 2, '2023-05-23 18:40:06.247467', '2023-05-23 18:40:06.247467', false),
        (48, 62, 2, '2023-05-23 18:40:06.247467', '2023-05-23 18:40:06.247467', false),
        (49, 63, 2, '2023-05-23 18:40:06.247467', '2023-05-23 18:40:06.247467', false),
        (50, 64, 2, '2023-05-23 18:40:06.247467', '2023-05-23 18:40:06.247467', false),
        (51, 65, 2, '2023-05-23 18:40:06.247467', '2023-05-23 18:40:06.247467', false),
        (52, 66, 2, '2023-05-23 18:40:06.247467', '2023-05-23 18:40:06.247467', false),
        (53, 67, 2, '2023-05-23 18:40:06.247467', '2023-05-23 18:40:06.247467', false),
        (54, 68, 2, '2023-05-23 18:40:06.247467', '2023-05-23 18:40:06.247467', false),
        (55, 69, 2, '2023-05-23 18:40:06.247467', '2023-05-23 18:40:06.247467', false),
        (56, 70, 2, '2023-05-23 18:40:06.247467', '2023-05-23 18:40:06.247467', false),
        (57, 71, 2, '2023-05-23 18:40:06.247467', '2023-05-23 18:40:06.247467', false),
        (58, 72, 2, '2023-05-23 18:40:06.247467', '2023-05-23 18:40:06.247467', false),
        (59, 73, 2, '2023-05-23 18:40:06.247467', '2023-05-23 18:40:06.247467', false),
        (60, 74, 2, '2023-05-23 18:40:06.247467', '2023-05-23 18:40:06.247467', false),
        (61, 75, 2, '2023-05-23 18:40:06.247467', '2023-05-23 18:40:06.247467', false),
        (62, 17, 2, '2023-05-23 18:40:06.247467', '2023-05-23 18:40:06.247467', false),
        (63, 4, 2, '2023-05-23 18:40:06.247467', '2023-05-23 18:40:06.247467', false),
        (64, 77, 2, '2023-05-23 18:40:06.247467', '2023-05-23 18:40:06.247467', false),
        (65, 78, 2, '2023-05-23 18:40:06.247467', '2023-05-23 18:40:06.247467', false),
        (66, 79, 2, '2023-05-23 18:40:06.247467', '2023-05-23 18:40:06.247467', false),
        (67, 80, 2, '2023-05-23 18:40:06.247467', '2023-05-23 18:40:06.247467', false),
        (68, 81, 2, '2023-05-23 18:40:06.247467', '2023-05-23 18:40:06.247467', false),
        (69, 82, 2, '2023-05-23 18:40:06.247467', '2023-05-23 18:40:06.247467', false),
        (70, 83, 2, '2023-05-23 18:40:06.247467', '2023-05-23 18:40:06.247467', false),
        (71, 33, 2, '2023-05-23 18:40:06.247467', '2023-05-23 18:40:06.247467', false),
        (72, 85, 2, '2023-05-23 18:40:06.247467', '2023-05-23 18:40:06.247467', false),
        (73, 86, 2, '2023-05-23 18:40:06.247467', '2023-05-23 18:40:06.247467', false),
        (74, 87, 2, '2023-05-23 18:40:06.247467', '2023-05-23 18:40:06.247467', false),
        (75, 88, 2, '2023-05-23 18:40:06.247467', '2023-05-23 18:40:06.247467', false),
        (76, 89, 2, '2023-05-23 18:40:06.247467', '2023-05-23 18:40:06.247467', false),
        (77, 90, 2, '2023-05-23 18:40:06.247467', '2023-05-23 18:40:06.247467', false),
        (78, 91, 2, '2023-05-23 18:40:06.247467', '2023-05-23 18:40:06.247467', false),
        (79, 92, 2, '2023-05-23 18:40:06.247467', '2023-05-23 18:40:06.247467', false),
        (80, 93, 2, '2023-05-23 18:40:06.247467', '2023-05-23 18:40:06.247467', false),
        (81, 94, 2, '2023-05-23 18:40:06.247467', '2023-05-23 18:40:06.247467', false),
        (82, 95, 2, '2023-05-23 18:40:06.247467', '2023-05-23 18:40:06.247467', false),
        (83, 96, 2, '2023-05-23 18:40:06.247467', '2023-05-23 18:40:06.247467', false),
        (84, 97, 2, '2023-05-23 18:40:06.247467', '2023-05-23 18:40:06.247467', false),
        (85, 98, 2, '2023-05-23 18:40:06.247467', '2023-05-23 18:40:06.247467', false),
        (86, 99, 2, '2023-05-23 18:40:06.247467', '2023-05-23 18:40:06.247467', false),
        (87, 100, 2, '2023-05-23 18:40:06.247467', '2023-05-23 18:40:06.247467', false),
        (88, 101, 2, '2023-05-23 18:40:06.247467', '2023-05-23 18:40:06.247467', false),
        (89, 102, 2, '2023-05-23 18:40:06.247467', '2023-05-23 18:40:06.247467', false),
        (90, 103, 2, '2023-05-23 18:40:06.247467', '2023-05-23 18:40:06.247467', false),
        (91, 104, 2, '2023-05-23 18:40:06.247467', '2023-05-23 18:40:06.247467', false),
        (92, 105, 2, '2023-05-23 18:40:06.247467', '2023-05-23 18:40:06.247467', false),
        (93, 106, 2, '2023-05-23 18:40:06.247467', '2023-05-23 18:40:06.247467', false),
        (94, 107, 2, '2023-05-23 18:40:06.247467', '2023-05-23 18:40:06.247467', false),
        (95, 108, 2, '2023-05-23 18:40:06.247467', '2023-05-23 18:40:06.247467', false),
        (96, 109, 2, '2023-05-23 18:40:06.247467', '2023-05-23 18:40:06.247467', false),
        (97, 111, 2, '2023-05-23 18:40:06.247467', '2023-05-23 18:40:06.247467', false),
        (98, 112, 2, '2023-05-23 18:40:06.247467', '2023-05-23 18:40:06.247467', false),
        (99, 113, 2, '2023-05-23 18:40:06.247467', '2023-05-23 18:40:06.247467', false),
        (100, 116, 2, '2023-05-23 18:40:06.247467', '2023-05-23 18:40:06.247467', false),
        (101, 117, 2, '2023-05-23 18:40:06.247467', '2023-05-23 18:40:06.247467', false),
        (102, 118, 2, '2023-05-23 18:40:06.247467', '2023-05-23 18:40:06.247467', false),
        (103, 119, 2, '2023-05-23 18:40:06.247467', '2023-05-23 18:40:06.247467', false),
        (104, 120, 2, '2023-05-23 18:40:06.247467', '2023-05-23 18:40:06.247467', false),
        (105, 121, 2, '2023-05-23 18:40:06.247467', '2023-05-23 18:40:06.247467', false),
        (106, 122, 2, '2023-05-23 18:40:06.247467', '2023-05-23 18:40:06.247467', false),
        (107, 123, 2, '2023-05-23 18:40:06.247467', '2023-05-23 18:40:06.247467', false),
        (108, 124, 2, '2023-05-23 18:40:06.247467', '2023-05-23 18:40:06.247467', false),
        (109, 125, 2, '2023-05-23 18:40:06.247467', '2023-05-23 18:40:06.247467', false),
        (110, 126, 2, '2023-05-23 18:40:06.247467', '2023-05-23 18:40:06.247467', false),
        (111, 127, 2, '2023-05-23 18:40:06.247467', '2023-05-23 18:40:06.247467', false),
        (112, 129, 2, '2023-05-23 18:40:06.247467', '2023-05-23 18:40:06.247467', false),
        (113, 130, 2, '2023-05-23 18:40:06.247467', '2023-05-23 18:40:06.247467', false),
        (114, 52, 2, '2023-05-23 18:40:06.247467', '2023-05-23 18:40:06.247467', false),
        (115, 32, 2, '2023-05-23 18:40:06.247467', '2023-05-23 18:40:06.247467', false),
        (116, 35, 2, '2023-05-23 18:40:06.247467', '2023-05-23 18:40:06.247467', false),
        (117, 128, 2, '2023-05-23 18:40:06.247467', '2023-05-23 18:40:06.247467', false),
        (118, 47, 2, '2023-05-23 18:40:06.247467', '2023-05-23 18:40:06.247467', false),
        (119, 39, 2, '2023-05-23 18:40:06.247467', '2023-05-23 18:40:06.247467', false),
        (120, 84, 2, '2023-05-23 18:40:06.247467', '2023-05-23 18:40:06.247467', false),
        (121, 76, 2, '2023-05-23 18:40:06.247467', '2023-05-23 18:40:06.247467', false),
        (122, 55, 2, '2023-05-23 18:40:06.247467', '2023-05-23 18:40:06.247467', false),
        (123, 115, 2, '2023-05-23 18:40:06.247467', '2023-05-23 18:40:06.247467', false),
        (124, 34, 2, '2023-05-23 18:40:06.247467', '2023-05-23 18:40:06.247467', false),
        (125, 114, 2, '2023-05-23 18:40:06.247467', '2023-05-23 18:40:06.247467', false),
        (126, 110, 2, '2023-05-23 18:40:06.247467', '2023-05-23 18:40:06.247467', false),
        (127, 174, 2, '2023-05-23 18:40:06.247467', '2023-05-23 18:40:06.247467', false),
        (128, 147, 2, '2023-05-23 18:40:06.247467', '2023-05-23 18:40:06.247467', false),
        (129, 148, 2, '2023-05-23 18:40:06.247467', '2023-05-23 18:40:06.247467', false),
        (130, 149, 2, '2023-05-23 18:40:06.247467', '2023-05-23 18:40:06.247467', false),
        (131, 150, 2, '2023-05-23 18:40:06.247467', '2023-05-23 18:40:06.247467', false),
        (132, 151, 2, '2023-05-23 18:40:06.247467', '2023-05-23 18:40:06.247467', false),
        (133, 152, 2, '2023-05-23 18:40:06.247467', '2023-05-23 18:40:06.247467', false),
        (134, 153, 2, '2023-05-23 18:40:06.247467', '2023-05-23 18:40:06.247467', false),
        (135, 154, 2, '2023-05-23 18:40:06.247467', '2023-05-23 18:40:06.247467', false),
        (136, 155, 2, '2023-05-23 18:40:06.247467', '2023-05-23 18:40:06.247467', false),
        (137, 156, 2, '2023-05-23 18:40:06.247467', '2023-05-23 18:40:06.247467', false),
        (138, 157, 2, '2023-05-23 18:40:06.247467', '2023-05-23 18:40:06.247467', false),
        (139, 158, 2, '2023-05-23 18:40:06.247467', '2023-05-23 18:40:06.247467', false),
        (140, 159, 2, '2023-05-23 18:40:06.247467', '2023-05-23 18:40:06.247467', false),
        (141, 160, 2, '2023-05-23 18:40:06.247467', '2023-05-23 18:40:06.247467', false),
        (142, 161, 2, '2023-05-23 18:40:06.247467', '2023-05-23 18:40:06.247467', false),
        (143, 162, 2, '2023-05-23 18:40:06.247467', '2023-05-23 18:40:06.247467', false),
        (144, 166, 2, '2023-05-23 18:40:06.247467', '2023-05-23 18:40:06.247467', false),
        (145, 168, 2, '2023-05-23 18:40:06.247467', '2023-05-23 18:40:06.247467', false),
        (146, 169, 2, '2023-05-23 18:40:06.247467', '2023-05-23 18:40:06.247467', false),
        (147, 171, 2, '2023-05-23 18:40:06.247467', '2023-05-23 18:40:06.247467', false),
        (148, 172, 2, '2023-05-23 18:40:06.247467', '2023-05-23 18:40:06.247467', false),
        (149, 175, 2, '2023-05-23 18:40:06.247467', '2023-05-23 18:40:06.247467', false),
        (150, 177, 2, '2023-05-23 18:40:06.247467', '2023-05-23 18:40:06.247467', false),
        (151, 178, 2, '2023-05-23 18:40:06.247467', '2023-05-23 18:40:06.247467', false),
        (152, 180, 2, '2023-05-23 18:40:06.247467', '2023-05-23 18:40:06.247467', false),
        (153, 181, 2, '2023-05-23 18:40:06.247467', '2023-05-23 18:40:06.247467', false),
        (154, 182, 2, '2023-05-23 18:40:06.247467', '2023-05-23 18:40:06.247467', false),
        (155, 184, 2, '2023-05-23 18:40:06.247467', '2023-05-23 18:40:06.247467', false),
        (156, 190, 2, '2023-05-23 18:40:06.247467', '2023-05-23 18:40:06.247467', false),
        (157, 194, 2, '2023-05-23 18:40:06.247467', '2023-05-23 18:40:06.247467', false),
        (158, 195, 2, '2023-05-23 18:40:06.247467', '2023-05-23 18:40:06.247467', false),
        (159, 197, 2, '2023-05-23 18:40:06.247467', '2023-05-23 18:40:06.247467', false),
        (160, 199, 2, '2023-05-23 18:40:06.247467', '2023-05-23 18:40:06.247467', false),
        (161, 200, 2, '2023-05-23 18:40:06.247467', '2023-05-23 18:40:06.247467', false),
        (162, 202, 2, '2023-05-23 18:40:06.247467', '2023-05-23 18:40:06.247467', false),
        (163, 204, 2, '2023-05-23 18:40:06.247467', '2023-05-23 18:40:06.247467', false),
        (164, 205, 2, '2023-05-23 18:40:06.247467', '2023-05-23 18:40:06.247467', false),
        (165, 206, 2, '2023-05-23 18:40:06.247467', '2023-05-23 18:40:06.247467', false);

insert into public.favourites (id, user_id, purchase_offer_id, created, changed, is_deleted)
values  (10, 1, 8, '2023-05-23 22:17:18.000000', '2023-05-23 22:17:21.000000', false),
        (11, 1, 9, '2023-05-23 22:17:35.000000', '2023-05-23 22:17:38.000000', false),
        (12, 1, 18, '2023-05-23 22:17:56.000000', '2023-05-23 22:17:58.000000', false),
        (13, 1, 28, '2023-05-23 22:18:15.000000', '2023-05-23 22:18:17.000000', false),
        (14, 1, 31, '2023-05-23 22:18:38.000000', '2023-05-23 22:18:40.000000', false),
        (15, 2, 13, '2023-05-23 22:19:01.000000', '2023-05-23 22:19:03.000000', false),
        (16, 2, 21, '2023-05-23 22:19:16.000000', '2023-05-23 22:19:18.000000', false),
        (17, 190, 24, '2023-05-23 22:19:40.000000', '2023-05-23 22:19:42.000000', false),
        (18, 199, 33, '2023-05-23 22:19:56.000000', '2023-05-23 22:20:02.000000', false),
        (19, 200, 36, '2023-05-23 22:20:22.000000', '2023-05-23 22:20:24.000000', false),
        (20, 200, 24, '2023-05-23 22:21:20.000000', '2023-05-23 22:21:22.000000', false),
        (21, 131, 70, '2023-05-23 22:21:54.000000', '2023-05-23 22:21:58.000000', false),
        (22, 184, 70, '2023-05-23 22:22:11.000000', '2023-05-23 22:22:12.000000', false),
        (23, 3, 18, '2023-05-23 22:22:41.000000', '2023-05-23 22:22:44.000000', false),
        (24, 3, 77, '2023-05-23 22:23:09.000000', '2023-05-23 22:23:12.000000', false),
        (25, 3, 93, '2023-05-23 22:23:38.000000', '2023-05-23 22:23:43.000000', false),
        (26, 45, 93, '2023-05-23 22:24:03.000000', '2023-05-23 22:24:06.000000', false),
        (27, 37, 18, '2023-05-23 22:24:22.000000', '2023-05-23 22:24:24.000000', false),
        (28, 52, 79, '2023-05-23 22:24:44.000000', '2023-05-23 22:24:45.000000', false),
        (29, 66, 59, '2023-05-23 22:25:11.000000', '2023-05-23 22:25:13.000000', false);

insert into public.chats (id, first_user_id, second_user_id, created, changed, is_deleted)
values  (1, 1, 2, '2023-05-15 01:55:23.400734', '2023-05-15 01:55:23.400734', false),
        (2, 3, 1, '2023-05-15 01:55:31.171831', '2023-05-15 01:55:31.171831', false),
        (3, 2, 16, '2023-05-15 01:56:17.108932', '2023-05-15 01:56:17.108932', false),
        (4, 49, 34, '2023-05-15 01:56:36.758658', '2023-05-15 01:56:36.758658', false),
        (5, 72, 77, '2023-05-15 01:56:50.985299', '2023-05-15 01:56:50.985299', false),
        (6, 74, 99, '2023-05-15 01:57:04.580362', '2023-05-15 01:57:04.580362', false);

insert into public.messages (id, chat_id, user_id, text, is_read, created, changed, is_deleted)
values  (4, 1, 2, 'BjmP67xUy2CTxjh5VWD9J8EDiRia0BgVinCO+KWrfE4bZvCL/hdQB5ExEodrOY/8', false, '2023-05-23 01:00:17.073541', '2023-05-23 01:00:17.073541', false),
        (5, 1, 1, '13cGW88ZtwCd5qg06FeAedHYlX2RqU2Zz15kbNWRXkLXGQvj4fNAYnqpi0p/oqZW', false, '2023-05-23 15:20:56.304259', '2023-05-23 15:20:56.304259', false),
        (6, 1, 1, 'c+tizei0kE5FQyzuxWcZqKAW7SyVAKGD0Zf2UaUAOaw=', false, '2023-05-23 22:33:27.576766', '2023-05-23 22:33:27.576766', false),
        (7, 1, 2, 'zK3pcq4XwAk+q5GScaaLfHhUsataHaErNoEIaueDIp8=', false, '2023-05-23 22:33:53.123540', '2023-05-23 22:33:53.123540', false),
        (8, 2, 3, 'zK3pcq4XwAk+q5GScaaLfHhUsataHaErNoEIaueDIp8=', false, '2023-05-23 22:35:14.058195', '2023-05-23 22:35:14.058195', false),
        (9, 2, 1, 'nBfbZ3ojkAfcySYGyemXbV1deLZHK0Kn7rgfvXSqAkQ=', false, '2023-05-23 22:35:48.552629', '2023-05-23 22:35:48.552629', false),
        (10, 2, 1, 'ZpLalxf7wmfNMf98T2vQdg==', false, '2023-05-23 22:36:19.113777', '2023-05-23 22:36:19.113777', false),
        (11, 2, 3, '1uqSojcZ5CoD7NG9NnybxeXS4LWXMo2XOunyMoS0xqa/fqvG+jDAleIrOMGuBz2agxTkgAqgNC0PqpRhGt9felIO9UmuqM1w56m9nQDTPZQElmFmaQQEM9IU2NB4iV9N7XgtvdPZektCmeh6HAuZog0qmuRbUDyf8xMqPVjZEUw=', false, '2023-05-23 22:39:05.784987', '2023-05-23 22:39:05.784987', false),
        (12, 2, 1, '+uMw7F83EogNLjB181vnLjkA7HGeSGe2fPGnqFaUrN4DpwYCMenOqm7NPdvWEhTW', false, '2023-05-23 22:39:47.180653', '2023-05-23 22:39:47.180653', false);